id,firstname,lastname,email,email2,profession
100,Millie,Gualtiero,Millie.Gualtiero@yopmail.com,Millie.Gualtiero@gmail.com,developer
101,Delilah,Suzetta,Delilah.Suzetta@yopmail.com,Delilah.Suzetta@gmail.com,worker
102,Blake,Brandice,Blake.Brandice@yopmail.com,Blake.Brandice@gmail.com,firefighter
103,Max,Forrer,Max.Forrer@yopmail.com,Max.Forrer@gmail.com,worker
104,Wilma,Keily,Wilma.Keily@yopmail.com,Wilma.Keily@gmail.com,police officer
105,Rosene,Syd,Rosene.Syd@yopmail.com,Rosene.Syd@gmail.com,doctor
106,Shaylyn,Tyson,Shaylyn.Tyson@yopmail.com,Shaylyn.Tyson@gmail.com,developer
107,Odessa,Naashom,Odessa.Naashom@yopmail.com,Odessa.Naashom@gmail.com,police officer
108,Dulce,Dash,Dulce.Dash@yopmail.com,Dulce.Dash@gmail.com,police officer
109,Edee,Gerge,Edee.Gerge@yopmail.com,Edee.Gerge@gmail.com,firefighter
110,Lily,Maribeth,Lily.Maribeth@yopmail.com,Lily.Maribeth@gmail.com,doctor
111,Jobi,Oscar,Jobi.Oscar@yopmail.com,Jobi.Oscar@gmail.com,firefighter
112,Roseline,Thad,Roseline.Thad@yopmail.com,Roseline.Thad@gmail.com,worker
113,Chere,Gregrory,Chere.Gregrory@yopmail.com,Chere.Gregrory@gmail.com,police officer
114,Arabel,Garbe,Arabel.Garbe@yopmail.com,Arabel.Garbe@gmail.com,firefighter
115,Glynnis,Desai,Glynnis.Desai@yopmail.com,Glynnis.Desai@gmail.com,worker
116,Anestassia,Edison,Anestassia.Edison@yopmail.com,Anestassia.Edison@gmail.com,developer
117,Cissiee,Martguerita,Cissiee.Martguerita@yopmail.com,Cissiee.Martguerita@gmail.com,firefighter
118,Kara-Lynn,Robertson,Kara-Lynn.Robertson@yopmail.com,Kara-Lynn.Robertson@gmail.com,firefighter
119,Hannis,Sharl,Hannis.Sharl@yopmail.com,Hannis.Sharl@gmail.com,police officer
120,Hettie,Jotham,Hettie.Jotham@yopmail.com,Hettie.Jotham@gmail.com,firefighter
121,Maye,Bronk,Maye.Bronk@yopmail.com,Maye.Bronk@gmail.com,doctor
122,Cassandra,Elbertina,Cassandra.Elbertina@yopmail.com,Cassandra.Elbertina@gmail.com,police officer
123,Jolyn,Behre,Jolyn.Behre@yopmail.com,Jolyn.Behre@gmail.com,police officer
124,Aili,Center,Aili.Center@yopmail.com,Aili.Center@gmail.com,doctor
125,Frieda,McAdams,Frieda.McAdams@yopmail.com,Frieda.McAdams@gmail.com,developer
126,Janeczka,Bandeen,Janeczka.Bandeen@yopmail.com,Janeczka.Bandeen@gmail.com,police officer
127,Nita,Xerxes,Nita.Xerxes@yopmail.com,Nita.Xerxes@gmail.com,firefighter
128,Edith,Bach,Edith.Bach@yopmail.com,Edith.Bach@gmail.com,firefighter
129,Cristabel,Publia,Cristabel.Publia@yopmail.com,Cristabel.Publia@gmail.com,doctor
130,Frances,Beebe,Frances.Beebe@yopmail.com,Frances.Beebe@gmail.com,doctor
131,Zia,Letsou,Zia.Letsou@yopmail.com,Zia.Letsou@gmail.com,developer
132,Edee,Magnolia,Edee.Magnolia@yopmail.com,Edee.Magnolia@gmail.com,police officer
133,Brooks,Hoban,Brooks.Hoban@yopmail.com,Brooks.Hoban@gmail.com,doctor
134,Drucie,Ursulette,Drucie.Ursulette@yopmail.com,Drucie.Ursulette@gmail.com,developer
135,Charlena,Daegal,Charlena.Daegal@yopmail.com,Charlena.Daegal@gmail.com,doctor
136,Myriam,Bluh,Myriam.Bluh@yopmail.com,Myriam.Bluh@gmail.com,developer
137,Beth,Dichy,Beth.Dichy@yopmail.com,Beth.Dichy@gmail.com,developer
138,Rani,Fennessy,Rani.Fennessy@yopmail.com,Rani.Fennessy@gmail.com,police officer
139,Christy,Oneida,Christy.Oneida@yopmail.com,Christy.Oneida@gmail.com,developer
140,Robbi,Trey,Robbi.Trey@yopmail.com,Robbi.Trey@gmail.com,doctor
141,Nita,Marden,Nita.Marden@yopmail.com,Nita.Marden@gmail.com,firefighter
142,Cristabel,Aloise,Cristabel.Aloise@yopmail.com,Cristabel.Aloise@gmail.com,worker
143,Nonnah,Goode,Nonnah.Goode@yopmail.com,Nonnah.Goode@gmail.com,firefighter
144,Valli,Gert,Valli.Gert@yopmail.com,Valli.Gert@gmail.com,doctor
145,Madalyn,Cookie,Madalyn.Cookie@yopmail.com,Madalyn.Cookie@gmail.com,doctor
146,Clo,Wildermuth,Clo.Wildermuth@yopmail.com,Clo.Wildermuth@gmail.com,police officer
147,Trudie,Kauppi,Trudie.Kauppi@yopmail.com,Trudie.Kauppi@gmail.com,police officer
148,Shel,Connelly,Shel.Connelly@yopmail.com,Shel.Connelly@gmail.com,firefighter
149,Bibby,Mehalek,Bibby.Mehalek@yopmail.com,Bibby.Mehalek@gmail.com,worker
150,Fina,Daniele,Fina.Daniele@yopmail.com,Fina.Daniele@gmail.com,firefighter
151,Korrie,Arquit,Korrie.Arquit@yopmail.com,Korrie.Arquit@gmail.com,firefighter
152,Fanny,McGrody,Fanny.McGrody@yopmail.com,Fanny.McGrody@gmail.com,firefighter
153,Molli,Ethban,Molli.Ethban@yopmail.com,Molli.Ethban@gmail.com,worker
154,Cordi,Grobe,Cordi.Grobe@yopmail.com,Cordi.Grobe@gmail.com,worker
155,Ingrid,Krystle,Ingrid.Krystle@yopmail.com,Ingrid.Krystle@gmail.com,developer
156,Rayna,Leifeste,Rayna.Leifeste@yopmail.com,Rayna.Leifeste@gmail.com,police officer
157,Lita,Decato,Lita.Decato@yopmail.com,Lita.Decato@gmail.com,police officer
158,Mallory,Nikaniki,Mallory.Nikaniki@yopmail.com,Mallory.Nikaniki@gmail.com,developer
159,Moyna,Dulciana,Moyna.Dulciana@yopmail.com,Moyna.Dulciana@gmail.com,police officer
160,Audrie,Keelia,Audrie.Keelia@yopmail.com,Audrie.Keelia@gmail.com,developer
161,Myrtice,Erlandson,Myrtice.Erlandson@yopmail.com,Myrtice.Erlandson@gmail.com,firefighter
162,Chickie,Burnside,Chickie.Burnside@yopmail.com,Chickie.Burnside@gmail.com,doctor
163,Stevana,Pauly,Stevana.Pauly@yopmail.com,Stevana.Pauly@gmail.com,police officer
164,Lesly,Norvol,Lesly.Norvol@yopmail.com,Lesly.Norvol@gmail.com,police officer
165,Elmira,Cutlerr,Elmira.Cutlerr@yopmail.com,Elmira.Cutlerr@gmail.com,doctor
166,Dorthy,Linskey,Dorthy.Linskey@yopmail.com,Dorthy.Linskey@gmail.com,police officer
167,Lynnea,Lory,Lynnea.Lory@yopmail.com,Lynnea.Lory@gmail.com,firefighter
168,Ninnetta,Secrest,Ninnetta.Secrest@yopmail.com,Ninnetta.Secrest@gmail.com,firefighter
169,Max,Gualtiero,Max.Gualtiero@yopmail.com,Max.Gualtiero@gmail.com,worker
170,Janenna,Daveta,Janenna.Daveta@yopmail.com,Janenna.Daveta@gmail.com,developer
171,Aigneis,Arvo,Aigneis.Arvo@yopmail.com,Aigneis.Arvo@gmail.com,police officer
172,Flory,Fabiola,Flory.Fabiola@yopmail.com,Flory.Fabiola@gmail.com,doctor
173,Aurore,Mayeda,Aurore.Mayeda@yopmail.com,Aurore.Mayeda@gmail.com,firefighter
174,Marcelline,Arvo,Marcelline.Arvo@yopmail.com,Marcelline.Arvo@gmail.com,doctor
175,Calla,Roche,Calla.Roche@yopmail.com,Calla.Roche@gmail.com,developer
176,Delilah,Caitlin,Delilah.Caitlin@yopmail.com,Delilah.Caitlin@gmail.com,doctor
177,Vere,Thema,Vere.Thema@yopmail.com,Vere.Thema@gmail.com,firefighter
178,Maridel,Middleton,Maridel.Middleton@yopmail.com,Maridel.Middleton@gmail.com,developer
179,Mallory,Zrike,Mallory.Zrike@yopmail.com,Mallory.Zrike@gmail.com,doctor
180,Orelia,Tound,Orelia.Tound@yopmail.com,Orelia.Tound@gmail.com,doctor
181,Quintina,Wilona,Quintina.Wilona@yopmail.com,Quintina.Wilona@gmail.com,firefighter
182,Flory,Lunsford,Flory.Lunsford@yopmail.com,Flory.Lunsford@gmail.com,firefighter
183,Charmaine,Rubie,Charmaine.Rubie@yopmail.com,Charmaine.Rubie@gmail.com,doctor
184,Tersina,Crudden,Tersina.Crudden@yopmail.com,Tersina.Crudden@gmail.com,developer
185,Wendi,Oneida,Wendi.Oneida@yopmail.com,Wendi.Oneida@gmail.com,doctor
186,Christian,Lauraine,Christian.Lauraine@yopmail.com,Christian.Lauraine@gmail.com,police officer
187,Lindie,Aaberg,Lindie.Aaberg@yopmail.com,Lindie.Aaberg@gmail.com,worker
188,Cassandra,Kristi,Cassandra.Kristi@yopmail.com,Cassandra.Kristi@gmail.com,firefighter
189,Leia,Yam,Leia.Yam@yopmail.com,Leia.Yam@gmail.com,worker
190,Lynea,Evangelia,Lynea.Evangelia@yopmail.com,Lynea.Evangelia@gmail.com,police officer
191,Eadie,Weinreb,Eadie.Weinreb@yopmail.com,Eadie.Weinreb@gmail.com,firefighter
192,Paola,Phyllis,Paola.Phyllis@yopmail.com,Paola.Phyllis@gmail.com,police officer
193,Esmeralda,Ethban,Esmeralda.Ethban@yopmail.com,Esmeralda.Ethban@gmail.com,firefighter
194,Rori,Dorothy,Rori.Dorothy@yopmail.com,Rori.Dorothy@gmail.com,doctor
195,Lanna,Hillel,Lanna.Hillel@yopmail.com,Lanna.Hillel@gmail.com,doctor
196,Liana,Winthorpe,Liana.Winthorpe@yopmail.com,Liana.Winthorpe@gmail.com,developer
197,Celene,Saunderson,Celene.Saunderson@yopmail.com,Celene.Saunderson@gmail.com,developer
198,Petronia,Kirbee,Petronia.Kirbee@yopmail.com,Petronia.Kirbee@gmail.com,doctor
199,Sadie,Ventre,Sadie.Ventre@yopmail.com,Sadie.Ventre@gmail.com,doctor
200,Sharai,Erskine,Sharai.Erskine@yopmail.com,Sharai.Erskine@gmail.com,police officer
201,Molli,Duwalt,Molli.Duwalt@yopmail.com,Molli.Duwalt@gmail.com,police officer
202,Lacie,Ventre,Lacie.Ventre@yopmail.com,Lacie.Ventre@gmail.com,doctor
203,Fidelia,Gregrory,Fidelia.Gregrory@yopmail.com,Fidelia.Gregrory@gmail.com,developer
204,Teriann,Amand,Teriann.Amand@yopmail.com,Teriann.Amand@gmail.com,firefighter
205,Hayley,Zrike,Hayley.Zrike@yopmail.com,Hayley.Zrike@gmail.com,developer
206,Kore,Wilona,Kore.Wilona@yopmail.com,Kore.Wilona@gmail.com,doctor
207,Dari,Juliet,Dari.Juliet@yopmail.com,Dari.Juliet@gmail.com,worker
208,Heddie,Durware,Heddie.Durware@yopmail.com,Heddie.Durware@gmail.com,police officer
209,Nikki,Wenda,Nikki.Wenda@yopmail.com,Nikki.Wenda@gmail.com,firefighter
210,Cherrita,Norvol,Cherrita.Norvol@yopmail.com,Cherrita.Norvol@gmail.com,police officer
211,Ileana,Goerke,Ileana.Goerke@yopmail.com,Ileana.Goerke@gmail.com,worker
212,Daryl,Jagir,Daryl.Jagir@yopmail.com,Daryl.Jagir@gmail.com,doctor
213,Gusty,Cullin,Gusty.Cullin@yopmail.com,Gusty.Cullin@gmail.com,worker
214,Elyssa,Gilbertson,Elyssa.Gilbertson@yopmail.com,Elyssa.Gilbertson@gmail.com,police officer
215,Penelopa,Pandolfi,Penelopa.Pandolfi@yopmail.com,Penelopa.Pandolfi@gmail.com,police officer
216,Rori,Pernick,Rori.Pernick@yopmail.com,Rori.Pernick@gmail.com,doctor
217,Di,Lunsford,Di.Lunsford@yopmail.com,Di.Lunsford@gmail.com,police officer
218,Sharai,Sikorski,Sharai.Sikorski@yopmail.com,Sharai.Sikorski@gmail.com,police officer
219,Alisha,Baptlsta,Alisha.Baptlsta@yopmail.com,Alisha.Baptlsta@gmail.com,developer
220,Donetta,Egbert,Donetta.Egbert@yopmail.com,Donetta.Egbert@gmail.com,doctor
221,Dagmar,Denis,Dagmar.Denis@yopmail.com,Dagmar.Denis@gmail.com,police officer
222,Aryn,Morgun,Aryn.Morgun@yopmail.com,Aryn.Morgun@gmail.com,doctor
223,Berget,Pierette,Berget.Pierette@yopmail.com,Berget.Pierette@gmail.com,developer
224,Dorthy,Burkle,Dorthy.Burkle@yopmail.com,Dorthy.Burkle@gmail.com,firefighter
225,Joeann,Joseph,Joeann.Joseph@yopmail.com,Joeann.Joseph@gmail.com,developer
226,Annice,Arne,Annice.Arne@yopmail.com,Annice.Arne@gmail.com,firefighter
227,Priscilla,Arvo,Priscilla.Arvo@yopmail.com,Priscilla.Arvo@gmail.com,developer
228,Emmey,Devlen,Emmey.Devlen@yopmail.com,Emmey.Devlen@gmail.com,police officer
229,Sherrie,Duwalt,Sherrie.Duwalt@yopmail.com,Sherrie.Duwalt@gmail.com,developer
230,Jennica,Nance,Jennica.Nance@yopmail.com,Jennica.Nance@gmail.com,developer
231,Britni,Bollay,Britni.Bollay@yopmail.com,Britni.Bollay@gmail.com,doctor
232,Sadie,Fancie,Sadie.Fancie@yopmail.com,Sadie.Fancie@gmail.com,worker
233,Eve,Astra,Eve.Astra@yopmail.com,Eve.Astra@gmail.com,doctor
234,Lily,Rese,Lily.Rese@yopmail.com,Lily.Rese@gmail.com,firefighter
235,Leeanne,Lynn,Leeanne.Lynn@yopmail.com,Leeanne.Lynn@gmail.com,doctor
236,Ottilie,Sholley,Ottilie.Sholley@yopmail.com,Ottilie.Sholley@gmail.com,firefighter
237,Gusty,Georgy,Gusty.Georgy@yopmail.com,Gusty.Georgy@gmail.com,police officer
238,Mariele,Pillsbury,Mariele.Pillsbury@yopmail.com,Mariele.Pillsbury@gmail.com,firefighter
239,Sidoney,Helfand,Sidoney.Helfand@yopmail.com,Sidoney.Helfand@gmail.com,doctor
240,Emylee,Lilybelle,Emylee.Lilybelle@yopmail.com,Emylee.Lilybelle@gmail.com,doctor
241,Vinita,Fabiola,Vinita.Fabiola@yopmail.com,Vinita.Fabiola@gmail.com,doctor
242,Brana,Killigrew,Brana.Killigrew@yopmail.com,Brana.Killigrew@gmail.com,doctor
243,Cissiee,Fredi,Cissiee.Fredi@yopmail.com,Cissiee.Fredi@gmail.com,doctor
244,Heddie,Yorick,Heddie.Yorick@yopmail.com,Heddie.Yorick@gmail.com,doctor
245,Ninnetta,Eldrid,Ninnetta.Eldrid@yopmail.com,Ninnetta.Eldrid@gmail.com,doctor
246,Dacia,Goddard,Dacia.Goddard@yopmail.com,Dacia.Goddard@gmail.com,developer
247,Vivia,Alisia,Vivia.Alisia@yopmail.com,Vivia.Alisia@gmail.com,doctor
248,Florencia,Regan,Florencia.Regan@yopmail.com,Florencia.Regan@gmail.com,developer
249,Lolita,Sabella,Lolita.Sabella@yopmail.com,Lolita.Sabella@gmail.com,police officer
250,Carly,Grimbly,Carly.Grimbly@yopmail.com,Carly.Grimbly@gmail.com,doctor
251,Celene,Kunin,Celene.Kunin@yopmail.com,Celene.Kunin@gmail.com,doctor
252,Genevra,Honoria,Genevra.Honoria@yopmail.com,Genevra.Honoria@gmail.com,worker
253,Grier,Zetta,Grier.Zetta@yopmail.com,Grier.Zetta@gmail.com,firefighter
254,Donetta,Diogenes,Donetta.Diogenes@yopmail.com,Donetta.Diogenes@gmail.com,worker
255,Evita,Liva,Evita.Liva@yopmail.com,Evita.Liva@gmail.com,police officer
256,Vanessa,Hedve,Vanessa.Hedve@yopmail.com,Vanessa.Hedve@gmail.com,doctor
257,Elbertina,Elisha,Elbertina.Elisha@yopmail.com,Elbertina.Elisha@gmail.com,police officer
258,Jackie,Edvard,Jackie.Edvard@yopmail.com,Jackie.Edvard@gmail.com,police officer
259,Claresta,Pearse,Claresta.Pearse@yopmail.com,Claresta.Pearse@gmail.com,doctor
260,Mary,Lacombe,Mary.Lacombe@yopmail.com,Mary.Lacombe@gmail.com,worker
261,Elyssa,Stanwood,Elyssa.Stanwood@yopmail.com,Elyssa.Stanwood@gmail.com,police officer
262,Bertine,Cornelia,Bertine.Cornelia@yopmail.com,Bertine.Cornelia@gmail.com,developer
263,Kylynn,Lutero,Kylynn.Lutero@yopmail.com,Kylynn.Lutero@gmail.com,firefighter
264,Melina,Dulciana,Melina.Dulciana@yopmail.com,Melina.Dulciana@gmail.com,doctor
265,Susette,Emmy,Susette.Emmy@yopmail.com,Susette.Emmy@gmail.com,worker
266,Karly,Angelis,Karly.Angelis@yopmail.com,Karly.Angelis@gmail.com,firefighter
267,Ruthe,Tremayne,Ruthe.Tremayne@yopmail.com,Ruthe.Tremayne@gmail.com,developer
268,Jacenta,Melleta,Jacenta.Melleta@yopmail.com,Jacenta.Melleta@gmail.com,worker
269,Ketti,Sasnett,Ketti.Sasnett@yopmail.com,Ketti.Sasnett@gmail.com,firefighter
270,Viviene,Gwenore,Viviene.Gwenore@yopmail.com,Viviene.Gwenore@gmail.com,developer
271,Louella,Carbo,Louella.Carbo@yopmail.com,Louella.Carbo@gmail.com,firefighter
272,Joceline,Klotz,Joceline.Klotz@yopmail.com,Joceline.Klotz@gmail.com,developer
273,Fernande,Bollay,Fernande.Bollay@yopmail.com,Fernande.Bollay@gmail.com,firefighter
274,Pierette,Lauraine,Pierette.Lauraine@yopmail.com,Pierette.Lauraine@gmail.com,doctor
275,Frances,Andrel,Frances.Andrel@yopmail.com,Frances.Andrel@gmail.com,doctor
276,Binny,Daveta,Binny.Daveta@yopmail.com,Binny.Daveta@gmail.com,developer
277,Cacilie,Silvan,Cacilie.Silvan@yopmail.com,Cacilie.Silvan@gmail.com,worker
278,Gwyneth,Deny,Gwyneth.Deny@yopmail.com,Gwyneth.Deny@gmail.com,doctor
279,Nadine,Selway,Nadine.Selway@yopmail.com,Nadine.Selway@gmail.com,developer
280,Linzy,Sasnett,Linzy.Sasnett@yopmail.com,Linzy.Sasnett@gmail.com,doctor
281,Shandie,Chick,Shandie.Chick@yopmail.com,Shandie.Chick@gmail.com,doctor
282,Nyssa,Grosz,Nyssa.Grosz@yopmail.com,Nyssa.Grosz@gmail.com,developer
283,Kara-Lynn,Thomasina,Kara-Lynn.Thomasina@yopmail.com,Kara-Lynn.Thomasina@gmail.com,doctor
284,Albertina,Fillbert,Albertina.Fillbert@yopmail.com,Albertina.Fillbert@gmail.com,police officer
285,Nerta,Lia,Nerta.Lia@yopmail.com,Nerta.Lia@gmail.com,worker
286,Ulrike,Amand,Ulrike.Amand@yopmail.com,Ulrike.Amand@gmail.com,developer
287,Sharlene,Toor,Sharlene.Toor@yopmail.com,Sharlene.Toor@gmail.com,firefighter
288,Loree,Haymes,Loree.Haymes@yopmail.com,Loree.Haymes@gmail.com,police officer
289,Kristan,Callista,Kristan.Callista@yopmail.com,Kristan.Callista@gmail.com,worker
290,Janey,Seessel,Janey.Seessel@yopmail.com,Janey.Seessel@gmail.com,firefighter
291,Drucie,Christal,Drucie.Christal@yopmail.com,Drucie.Christal@gmail.com,worker
292,Candi,Rosemary,Candi.Rosemary@yopmail.com,Candi.Rosemary@gmail.com,firefighter
293,Merle,Phyllis,Merle.Phyllis@yopmail.com,Merle.Phyllis@gmail.com,firefighter
294,Gilda,Desai,Gilda.Desai@yopmail.com,Gilda.Desai@gmail.com,doctor
295,Gertrud,Seligman,Gertrud.Seligman@yopmail.com,Gertrud.Seligman@gmail.com,firefighter
296,Jaime,Marcellus,Jaime.Marcellus@yopmail.com,Jaime.Marcellus@gmail.com,firefighter
297,Sara-Ann,Douglass,Sara-Ann.Douglass@yopmail.com,Sara-Ann.Douglass@gmail.com,firefighter
298,Netty,Brian,Netty.Brian@yopmail.com,Netty.Brian@gmail.com,developer
299,Georgina,Harned,Georgina.Harned@yopmail.com,Georgina.Harned@gmail.com,developer
300,Feliza,Jary,Feliza.Jary@yopmail.com,Feliza.Jary@gmail.com,firefighter
301,Pearline,Dorothy,Pearline.Dorothy@yopmail.com,Pearline.Dorothy@gmail.com,firefighter
302,Dorothy,Angelis,Dorothy.Angelis@yopmail.com,Dorothy.Angelis@gmail.com,firefighter
303,Paola,Croix,Paola.Croix@yopmail.com,Paola.Croix@gmail.com,firefighter
304,Mureil,Naor,Mureil.Naor@yopmail.com,Mureil.Naor@gmail.com,developer
305,Alie,Mandler,Alie.Mandler@yopmail.com,Alie.Mandler@gmail.com,worker
306,Althea,Helve,Althea.Helve@yopmail.com,Althea.Helve@gmail.com,worker
307,Valera,Doig,Valera.Doig@yopmail.com,Valera.Doig@gmail.com,worker
308,Cyb,Anselmi,Cyb.Anselmi@yopmail.com,Cyb.Anselmi@gmail.com,worker
309,Ericka,Duwalt,Ericka.Duwalt@yopmail.com,Ericka.Duwalt@gmail.com,firefighter
310,Kellen,Schroth,Kellen.Schroth@yopmail.com,Kellen.Schroth@gmail.com,doctor
311,Berget,Kevon,Berget.Kevon@yopmail.com,Berget.Kevon@gmail.com,doctor
312,Clary,Toni,Clary.Toni@yopmail.com,Clary.Toni@gmail.com,firefighter
313,Paulita,Reneta,Paulita.Reneta@yopmail.com,Paulita.Reneta@gmail.com,doctor
314,Viki,Jefferey,Viki.Jefferey@yopmail.com,Viki.Jefferey@gmail.com,firefighter
315,Tomasina,Redmond,Tomasina.Redmond@yopmail.com,Tomasina.Redmond@gmail.com,worker
316,Violet,Deegan,Violet.Deegan@yopmail.com,Violet.Deegan@gmail.com,firefighter
317,Esmeralda,Corabella,Esmeralda.Corabella@yopmail.com,Esmeralda.Corabella@gmail.com,police officer
318,Starla,Braun,Starla.Braun@yopmail.com,Starla.Braun@gmail.com,developer
319,Addia,Thar,Addia.Thar@yopmail.com,Addia.Thar@gmail.com,firefighter
320,Kate,Hermes,Kate.Hermes@yopmail.com,Kate.Hermes@gmail.com,doctor
321,Elfreda,Ovid,Elfreda.Ovid@yopmail.com,Elfreda.Ovid@gmail.com,doctor
322,Chrystel,Heisel,Chrystel.Heisel@yopmail.com,Chrystel.Heisel@gmail.com,doctor
323,Karina,Jotham,Karina.Jotham@yopmail.com,Karina.Jotham@gmail.com,firefighter
324,Minda,Palocz,Minda.Palocz@yopmail.com,Minda.Palocz@gmail.com,police officer
325,Claudina,Rooney,Claudina.Rooney@yopmail.com,Claudina.Rooney@gmail.com,worker
326,Courtnay,Romelda,Courtnay.Romelda@yopmail.com,Courtnay.Romelda@gmail.com,doctor
327,Tabbatha,Bultman,Tabbatha.Bultman@yopmail.com,Tabbatha.Bultman@gmail.com,doctor
328,Margarette,Chabot,Margarette.Chabot@yopmail.com,Margarette.Chabot@gmail.com,worker
329,Rivalee,Pitt,Rivalee.Pitt@yopmail.com,Rivalee.Pitt@gmail.com,firefighter
330,Janey,Weinreb,Janey.Weinreb@yopmail.com,Janey.Weinreb@gmail.com,firefighter
331,Rhoda,Elbertina,Rhoda.Elbertina@yopmail.com,Rhoda.Elbertina@gmail.com,worker
332,Sharlene,Joseph,Sharlene.Joseph@yopmail.com,Sharlene.Joseph@gmail.com,doctor
333,Hildegaard,Klotz,Hildegaard.Klotz@yopmail.com,Hildegaard.Klotz@gmail.com,firefighter
334,Edee,Birdella,Edee.Birdella@yopmail.com,Edee.Birdella@gmail.com,worker
335,Ann-Marie,Cookie,Ann-Marie.Cookie@yopmail.com,Ann-Marie.Cookie@gmail.com,worker
336,Debee,Sadowski,Debee.Sadowski@yopmail.com,Debee.Sadowski@gmail.com,firefighter
337,Fawne,Bohlin,Fawne.Bohlin@yopmail.com,Fawne.Bohlin@gmail.com,worker
338,Elsie,Winthorpe,Elsie.Winthorpe@yopmail.com,Elsie.Winthorpe@gmail.com,developer
339,Clementine,Delp,Clementine.Delp@yopmail.com,Clementine.Delp@gmail.com,developer
340,Ofilia,Mandler,Ofilia.Mandler@yopmail.com,Ofilia.Mandler@gmail.com,worker
341,Nananne,Xerxes,Nananne.Xerxes@yopmail.com,Nananne.Xerxes@gmail.com,developer
342,Deloria,Land,Deloria.Land@yopmail.com,Deloria.Land@gmail.com,worker
343,Nyssa,Hortensia,Nyssa.Hortensia@yopmail.com,Nyssa.Hortensia@gmail.com,police officer
344,Gusella,Shaver,Gusella.Shaver@yopmail.com,Gusella.Shaver@gmail.com,worker
345,Selma,Grobe,Selma.Grobe@yopmail.com,Selma.Grobe@gmail.com,doctor
346,Jenilee,Gordon,Jenilee.Gordon@yopmail.com,Jenilee.Gordon@gmail.com,firefighter
347,Therine,Tarrant,Therine.Tarrant@yopmail.com,Therine.Tarrant@gmail.com,worker
348,Romona,Posner,Romona.Posner@yopmail.com,Romona.Posner@gmail.com,developer
349,Caritta,Granoff,Caritta.Granoff@yopmail.com,Caritta.Granoff@gmail.com,doctor
350,Pamella,Ledah,Pamella.Ledah@yopmail.com,Pamella.Ledah@gmail.com,police officer
351,Wilma,Syd,Wilma.Syd@yopmail.com,Wilma.Syd@gmail.com,developer
352,Loree,Skell,Loree.Skell@yopmail.com,Loree.Skell@gmail.com,worker
353,Meg,Malina,Meg.Malina@yopmail.com,Meg.Malina@gmail.com,developer
354,Clo,Valerio,Clo.Valerio@yopmail.com,Clo.Valerio@gmail.com,police officer
355,Silvana,Dominy,Silvana.Dominy@yopmail.com,Silvana.Dominy@gmail.com,developer
356,Alex,Brian,Alex.Brian@yopmail.com,Alex.Brian@gmail.com,worker
357,Edyth,Odysseus,Edyth.Odysseus@yopmail.com,Edyth.Odysseus@gmail.com,firefighter
358,Joleen,Persse,Joleen.Persse@yopmail.com,Joleen.Persse@gmail.com,police officer
359,Elyssa,Allina,Elyssa.Allina@yopmail.com,Elyssa.Allina@gmail.com,police officer
360,Liana,Hamil,Liana.Hamil@yopmail.com,Liana.Hamil@gmail.com,police officer
361,Kary,Cottle,Kary.Cottle@yopmail.com,Kary.Cottle@gmail.com,police officer
362,Roz,Albertine,Roz.Albertine@yopmail.com,Roz.Albertine@gmail.com,police officer
363,Vita,Timon,Vita.Timon@yopmail.com,Vita.Timon@gmail.com,developer
364,Wynne,Cynar,Wynne.Cynar@yopmail.com,Wynne.Cynar@gmail.com,police officer
365,Meghann,Barney,Meghann.Barney@yopmail.com,Meghann.Barney@gmail.com,police officer
366,Kial,Winnick,Kial.Winnick@yopmail.com,Kial.Winnick@gmail.com,developer
367,Marinna,Naor,Marinna.Naor@yopmail.com,Marinna.Naor@gmail.com,firefighter
368,Tatiania,Toni,Tatiania.Toni@yopmail.com,Tatiania.Toni@gmail.com,police officer
369,Frank,Jerold,Frank.Jerold@yopmail.com,Frank.Jerold@gmail.com,worker
370,Lily,Wildermuth,Lily.Wildermuth@yopmail.com,Lily.Wildermuth@gmail.com,doctor
371,Dianemarie,Dituri,Dianemarie.Dituri@yopmail.com,Dianemarie.Dituri@gmail.com,developer
372,Willetta,Chaing,Willetta.Chaing@yopmail.com,Willetta.Chaing@gmail.com,doctor
373,Queenie,Ludewig,Queenie.Ludewig@yopmail.com,Queenie.Ludewig@gmail.com,developer
374,Celestyna,Leopold,Celestyna.Leopold@yopmail.com,Celestyna.Leopold@gmail.com,worker
375,Aili,Rosette,Aili.Rosette@yopmail.com,Aili.Rosette@gmail.com,developer
376,Alyda,Irmine,Alyda.Irmine@yopmail.com,Alyda.Irmine@gmail.com,police officer
377,Magdalena,Elo,Magdalena.Elo@yopmail.com,Magdalena.Elo@gmail.com,police officer
378,Wynne,Gamaliel,Wynne.Gamaliel@yopmail.com,Wynne.Gamaliel@gmail.com,developer
379,Collen,Alrich,Collen.Alrich@yopmail.com,Collen.Alrich@gmail.com,worker
380,Tiffie,Bahr,Tiffie.Bahr@yopmail.com,Tiffie.Bahr@gmail.com,developer
381,Viki,Mitzi,Viki.Mitzi@yopmail.com,Viki.Mitzi@gmail.com,doctor
382,Emelina,Doig,Emelina.Doig@yopmail.com,Emelina.Doig@gmail.com,developer
383,Margarette,Hertzfeld,Margarette.Hertzfeld@yopmail.com,Margarette.Hertzfeld@gmail.com,doctor
384,Yolane,Bartlett,Yolane.Bartlett@yopmail.com,Yolane.Bartlett@gmail.com,police officer
385,Estell,Jehu,Estell.Jehu@yopmail.com,Estell.Jehu@gmail.com,developer
386,Rochette,Brodench,Rochette.Brodench@yopmail.com,Rochette.Brodench@gmail.com,doctor
387,Berta,Matthew,Berta.Matthew@yopmail.com,Berta.Matthew@gmail.com,developer
388,Karlee,Martsen,Karlee.Martsen@yopmail.com,Karlee.Martsen@gmail.com,developer
389,Tori,Kathie,Tori.Kathie@yopmail.com,Tori.Kathie@gmail.com,police officer
390,Jaclyn,Gordon,Jaclyn.Gordon@yopmail.com,Jaclyn.Gordon@gmail.com,doctor
391,Daune,Rillings,Daune.Rillings@yopmail.com,Daune.Rillings@gmail.com,police officer
392,Lila,Vacuva,Lila.Vacuva@yopmail.com,Lila.Vacuva@gmail.com,worker
393,Dolli,Harriman,Dolli.Harriman@yopmail.com,Dolli.Harriman@gmail.com,police officer
394,Cassandra,Letsou,Cassandra.Letsou@yopmail.com,Cassandra.Letsou@gmail.com,developer
395,Shell,Destinee,Shell.Destinee@yopmail.com,Shell.Destinee@gmail.com,developer
396,Jacquetta,Dosia,Jacquetta.Dosia@yopmail.com,Jacquetta.Dosia@gmail.com,developer
397,Violet,Marden,Violet.Marden@yopmail.com,Violet.Marden@gmail.com,firefighter
398,Camile,Trey,Camile.Trey@yopmail.com,Camile.Trey@gmail.com,firefighter
399,Tori,Kellby,Tori.Kellby@yopmail.com,Tori.Kellby@gmail.com,doctor
400,Benita,Hirsch,Benita.Hirsch@yopmail.com,Benita.Hirsch@gmail.com,firefighter
401,Tracey,Burkle,Tracey.Burkle@yopmail.com,Tracey.Burkle@gmail.com,worker
402,Janeczka,Suk,Janeczka.Suk@yopmail.com,Janeczka.Suk@gmail.com,doctor
403,Kary,Cherianne,Kary.Cherianne@yopmail.com,Kary.Cherianne@gmail.com,police officer
404,Courtnay,Suk,Courtnay.Suk@yopmail.com,Courtnay.Suk@gmail.com,doctor
405,Diena,Sallyann,Diena.Sallyann@yopmail.com,Diena.Sallyann@gmail.com,police officer
406,Alleen,Ventre,Alleen.Ventre@yopmail.com,Alleen.Ventre@gmail.com,firefighter
407,Dotty,Clie,Dotty.Clie@yopmail.com,Dotty.Clie@gmail.com,developer
408,Goldie,Berne,Goldie.Berne@yopmail.com,Goldie.Berne@gmail.com,doctor
409,Sallie,Magnolia,Sallie.Magnolia@yopmail.com,Sallie.Magnolia@gmail.com,police officer
410,Merle,Delila,Merle.Delila@yopmail.com,Merle.Delila@gmail.com,firefighter
411,Di,Junie,Di.Junie@yopmail.com,Di.Junie@gmail.com,doctor
412,Jany,Marsden,Jany.Marsden@yopmail.com,Jany.Marsden@gmail.com,doctor
413,Shandie,Juliet,Shandie.Juliet@yopmail.com,Shandie.Juliet@gmail.com,developer
414,Kirstin,Alrich,Kirstin.Alrich@yopmail.com,Kirstin.Alrich@gmail.com,police officer
415,Rosanne,Maryanne,Rosanne.Maryanne@yopmail.com,Rosanne.Maryanne@gmail.com,police officer
416,Clary,Corrine,Clary.Corrine@yopmail.com,Clary.Corrine@gmail.com,doctor
417,Farrah,Claudine,Farrah.Claudine@yopmail.com,Farrah.Claudine@gmail.com,police officer
418,Dennie,Catie,Dennie.Catie@yopmail.com,Dennie.Catie@gmail.com,firefighter
419,Fanny,Rad,Fanny.Rad@yopmail.com,Fanny.Rad@gmail.com,firefighter
420,Lusa,Whittaker,Lusa.Whittaker@yopmail.com,Lusa.Whittaker@gmail.com,doctor
421,Catrina,Jerald,Catrina.Jerald@yopmail.com,Catrina.Jerald@gmail.com,police officer
422,Estell,Velick,Estell.Velick@yopmail.com,Estell.Velick@gmail.com,worker
423,Zaria,Viddah,Zaria.Viddah@yopmail.com,Zaria.Viddah@gmail.com,worker
424,Tarra,Zaslow,Tarra.Zaslow@yopmail.com,Tarra.Zaslow@gmail.com,doctor
425,Fawne,Schonfeld,Fawne.Schonfeld@yopmail.com,Fawne.Schonfeld@gmail.com,firefighter
426,Anallese,Jena,Anallese.Jena@yopmail.com,Anallese.Jena@gmail.com,worker
427,Fanny,Zitvaa,Fanny.Zitvaa@yopmail.com,Fanny.Zitvaa@gmail.com,doctor
428,Rosabelle,Barbey,Rosabelle.Barbey@yopmail.com,Rosabelle.Barbey@gmail.com,developer
429,Gisela,Gillan,Gisela.Gillan@yopmail.com,Gisela.Gillan@gmail.com,worker
430,Edee,Autrey,Edee.Autrey@yopmail.com,Edee.Autrey@gmail.com,firefighter
431,Meg,Ade,Meg.Ade@yopmail.com,Meg.Ade@gmail.com,worker
432,Kalina,Buckler,Kalina.Buckler@yopmail.com,Kalina.Buckler@gmail.com,firefighter
433,Shannah,Docilla,Shannah.Docilla@yopmail.com,Shannah.Docilla@gmail.com,police officer
434,Carilyn,Konyn,Carilyn.Konyn@yopmail.com,Carilyn.Konyn@gmail.com,firefighter
435,Ginnie,Ellord,Ginnie.Ellord@yopmail.com,Ginnie.Ellord@gmail.com,firefighter
436,Elena,Anyah,Elena.Anyah@yopmail.com,Elena.Anyah@gmail.com,developer
437,Kamilah,Yerkovich,Kamilah.Yerkovich@yopmail.com,Kamilah.Yerkovich@gmail.com,police officer
438,Gianina,Klemperer,Gianina.Klemperer@yopmail.com,Gianina.Klemperer@gmail.com,doctor
439,Kristina,Francene,Kristina.Francene@yopmail.com,Kristina.Francene@gmail.com,worker
440,Lynnea,Shama,Lynnea.Shama@yopmail.com,Lynnea.Shama@gmail.com,worker
441,Sean,Denis,Sean.Denis@yopmail.com,Sean.Denis@gmail.com,firefighter
442,Cam,Goode,Cam.Goode@yopmail.com,Cam.Goode@gmail.com,firefighter
443,Ofilia,Clarissa,Ofilia.Clarissa@yopmail.com,Ofilia.Clarissa@gmail.com,police officer
444,Adelle,Dannye,Adelle.Dannye@yopmail.com,Adelle.Dannye@gmail.com,worker
445,Brena,Travax,Brena.Travax@yopmail.com,Brena.Travax@gmail.com,doctor
446,Linzy,Nea,Linzy.Nea@yopmail.com,Linzy.Nea@gmail.com,doctor
447,Etta,Dosia,Etta.Dosia@yopmail.com,Etta.Dosia@gmail.com,firefighter
448,Brena,Yerkovich,Brena.Yerkovich@yopmail.com,Brena.Yerkovich@gmail.com,firefighter
449,Cam,Curren,Cam.Curren@yopmail.com,Cam.Curren@gmail.com,firefighter
450,Lacie,Bonilla,Lacie.Bonilla@yopmail.com,Lacie.Bonilla@gmail.com,police officer
451,Carolina,Melleta,Carolina.Melleta@yopmail.com,Carolina.Melleta@gmail.com,developer
452,Willetta,Heidt,Willetta.Heidt@yopmail.com,Willetta.Heidt@gmail.com,firefighter
453,Meriel,Marsden,Meriel.Marsden@yopmail.com,Meriel.Marsden@gmail.com,worker
454,Caritta,Tippets,Caritta.Tippets@yopmail.com,Caritta.Tippets@gmail.com,police officer
455,Jaime,Belldas,Jaime.Belldas@yopmail.com,Jaime.Belldas@gmail.com,doctor
456,Melanie,Ellerey,Melanie.Ellerey@yopmail.com,Melanie.Ellerey@gmail.com,worker
457,Jolyn,Modie,Jolyn.Modie@yopmail.com,Jolyn.Modie@gmail.com,developer
458,Mamie,Bow,Mamie.Bow@yopmail.com,Mamie.Bow@gmail.com,firefighter
459,Quintina,Georas,Quintina.Georas@yopmail.com,Quintina.Georas@gmail.com,doctor
460,Elise,Olin,Elise.Olin@yopmail.com,Elise.Olin@gmail.com,police officer
461,Nannie,Waite,Nannie.Waite@yopmail.com,Nannie.Waite@gmail.com,developer
462,Shandie,Haldas,Shandie.Haldas@yopmail.com,Shandie.Haldas@gmail.com,developer
463,Jacquetta,Aldric,Jacquetta.Aldric@yopmail.com,Jacquetta.Aldric@gmail.com,developer
464,Valeda,Daveta,Valeda.Daveta@yopmail.com,Valeda.Daveta@gmail.com,firefighter
465,Anthia,Malanie,Anthia.Malanie@yopmail.com,Anthia.Malanie@gmail.com,firefighter
466,Sybille,Winnick,Sybille.Winnick@yopmail.com,Sybille.Winnick@gmail.com,doctor
467,Kristina,Gordon,Kristina.Gordon@yopmail.com,Kristina.Gordon@gmail.com,worker
468,Dacia,Virgin,Dacia.Virgin@yopmail.com,Dacia.Virgin@gmail.com,developer
469,Queenie,Ardra,Queenie.Ardra@yopmail.com,Queenie.Ardra@gmail.com,developer
470,Kathi,Hunfredo,Kathi.Hunfredo@yopmail.com,Kathi.Hunfredo@gmail.com,worker
471,Kaja,Roumell,Kaja.Roumell@yopmail.com,Kaja.Roumell@gmail.com,police officer
472,Dale,Wooster,Dale.Wooster@yopmail.com,Dale.Wooster@gmail.com,police officer
473,Maryellen,Goldina,Maryellen.Goldina@yopmail.com,Maryellen.Goldina@gmail.com,firefighter
474,Jessamyn,Soneson,Jessamyn.Soneson@yopmail.com,Jessamyn.Soneson@gmail.com,police officer
475,Ellette,Kosey,Ellette.Kosey@yopmail.com,Ellette.Kosey@gmail.com,firefighter
476,Robinia,Halla,Robinia.Halla@yopmail.com,Robinia.Halla@gmail.com,police officer
477,Andeee,Tippets,Andeee.Tippets@yopmail.com,Andeee.Tippets@gmail.com,police officer
478,Elora,Wilkinson,Elora.Wilkinson@yopmail.com,Elora.Wilkinson@gmail.com,police officer
479,Oona,Justinn,Oona.Justinn@yopmail.com,Oona.Justinn@gmail.com,firefighter
480,Ashlee,Loleta,Ashlee.Loleta@yopmail.com,Ashlee.Loleta@gmail.com,doctor
481,Nonnah,Schlosser,Nonnah.Schlosser@yopmail.com,Nonnah.Schlosser@gmail.com,doctor
482,Orelia,Koziara,Orelia.Koziara@yopmail.com,Orelia.Koziara@gmail.com,developer
483,Juliane,Giule,Juliane.Giule@yopmail.com,Juliane.Giule@gmail.com,worker
484,Georgina,Sekofski,Georgina.Sekofski@yopmail.com,Georgina.Sekofski@gmail.com,police officer
485,Andeee,Natalia,Andeee.Natalia@yopmail.com,Andeee.Natalia@gmail.com,doctor
486,Caryl,Kristi,Caryl.Kristi@yopmail.com,Caryl.Kristi@gmail.com,police officer
487,Correy,Aldric,Correy.Aldric@yopmail.com,Correy.Aldric@gmail.com,police officer
488,Iseabal,Korey,Iseabal.Korey@yopmail.com,Iseabal.Korey@gmail.com,worker
489,Lily,Dichy,Lily.Dichy@yopmail.com,Lily.Dichy@gmail.com,developer
490,Justinn,Rhu,Justinn.Rhu@yopmail.com,Justinn.Rhu@gmail.com,doctor
491,Britni,Madelene,Britni.Madelene@yopmail.com,Britni.Madelene@gmail.com,firefighter
492,Korrie,Travax,Korrie.Travax@yopmail.com,Korrie.Travax@gmail.com,worker
493,Elsie,Urias,Elsie.Urias@yopmail.com,Elsie.Urias@gmail.com,police officer
494,Leia,Ellerey,Leia.Ellerey@yopmail.com,Leia.Ellerey@gmail.com,firefighter
495,Madalyn,Sisile,Madalyn.Sisile@yopmail.com,Madalyn.Sisile@gmail.com,police officer
496,Renie,Gilmour,Renie.Gilmour@yopmail.com,Renie.Gilmour@gmail.com,developer
497,Nickie,Hessler,Nickie.Hessler@yopmail.com,Nickie.Hessler@gmail.com,doctor
498,Tomasina,Swigart,Tomasina.Swigart@yopmail.com,Tomasina.Swigart@gmail.com,police officer
499,Tarra,Ludewig,Tarra.Ludewig@yopmail.com,Tarra.Ludewig@gmail.com,firefighter
500,Aigneis,Heidt,Aigneis.Heidt@yopmail.com,Aigneis.Heidt@gmail.com,worker
501,Jaclyn,Lucienne,Jaclyn.Lucienne@yopmail.com,Jaclyn.Lucienne@gmail.com,developer
502,Tani,Gherardo,Tani.Gherardo@yopmail.com,Tani.Gherardo@gmail.com,police officer
503,Janey,Bonilla,Janey.Bonilla@yopmail.com,Janey.Bonilla@gmail.com,worker
504,Wanda,Pip,Wanda.Pip@yopmail.com,Wanda.Pip@gmail.com,police officer
505,Tamqrah,Vale,Tamqrah.Vale@yopmail.com,Tamqrah.Vale@gmail.com,police officer
506,Melodie,Arne,Melodie.Arne@yopmail.com,Melodie.Arne@gmail.com,firefighter
507,Paule,Idelia,Paule.Idelia@yopmail.com,Paule.Idelia@gmail.com,firefighter
508,Luci,Maurine,Luci.Maurine@yopmail.com,Luci.Maurine@gmail.com,developer
509,Tani,Syd,Tani.Syd@yopmail.com,Tani.Syd@gmail.com,police officer
510,Merle,Rillings,Merle.Rillings@yopmail.com,Merle.Rillings@gmail.com,police officer
511,Allyce,Gower,Allyce.Gower@yopmail.com,Allyce.Gower@gmail.com,doctor
512,Nita,Wooster,Nita.Wooster@yopmail.com,Nita.Wooster@gmail.com,developer
513,Sharlene,Rodmann,Sharlene.Rodmann@yopmail.com,Sharlene.Rodmann@gmail.com,firefighter
514,Kara-Lynn,Lenny,Kara-Lynn.Lenny@yopmail.com,Kara-Lynn.Lenny@gmail.com,doctor
515,Cherilyn,Alva,Cherilyn.Alva@yopmail.com,Cherilyn.Alva@gmail.com,police officer
516,Beth,Sheng,Beth.Sheng@yopmail.com,Beth.Sheng@gmail.com,developer
517,Gloria,Bennie,Gloria.Bennie@yopmail.com,Gloria.Bennie@gmail.com,firefighter
518,Audrie,Simmonds,Audrie.Simmonds@yopmail.com,Audrie.Simmonds@gmail.com,doctor
519,Dianemarie,Giule,Dianemarie.Giule@yopmail.com,Dianemarie.Giule@gmail.com,doctor
520,Aurore,Valoniah,Aurore.Valoniah@yopmail.com,Aurore.Valoniah@gmail.com,firefighter
521,Rosaline,Monk,Rosaline.Monk@yopmail.com,Rosaline.Monk@gmail.com,police officer
522,Laurene,Sprage,Laurene.Sprage@yopmail.com,Laurene.Sprage@gmail.com,worker
523,Lyssa,Campball,Lyssa.Campball@yopmail.com,Lyssa.Campball@gmail.com,worker
524,Brandise,Jarib,Brandise.Jarib@yopmail.com,Brandise.Jarib@gmail.com,developer
525,Aimil,Stoller,Aimil.Stoller@yopmail.com,Aimil.Stoller@gmail.com,doctor
526,Mureil,Haymes,Mureil.Haymes@yopmail.com,Mureil.Haymes@gmail.com,police officer
527,Netty,Goth,Netty.Goth@yopmail.com,Netty.Goth@gmail.com,firefighter
528,Eve,Riordan,Eve.Riordan@yopmail.com,Eve.Riordan@gmail.com,developer
529,Hope,Delila,Hope.Delila@yopmail.com,Hope.Delila@gmail.com,developer
530,Willetta,Shaver,Willetta.Shaver@yopmail.com,Willetta.Shaver@gmail.com,police officer
531,Merci,Callista,Merci.Callista@yopmail.com,Merci.Callista@gmail.com,developer
532,Tabbatha,Yerkovich,Tabbatha.Yerkovich@yopmail.com,Tabbatha.Yerkovich@gmail.com,police officer
533,Anica,Charmine,Anica.Charmine@yopmail.com,Anica.Charmine@gmail.com,doctor
534,Kimberley,Warthman,Kimberley.Warthman@yopmail.com,Kimberley.Warthman@gmail.com,worker
535,Susan,Warthman,Susan.Warthman@yopmail.com,Susan.Warthman@gmail.com,doctor
536,Thalia,Henebry,Thalia.Henebry@yopmail.com,Thalia.Henebry@gmail.com,police officer
537,Melanie,Weinreb,Melanie.Weinreb@yopmail.com,Melanie.Weinreb@gmail.com,police officer
538,Pearline,Nunci,Pearline.Nunci@yopmail.com,Pearline.Nunci@gmail.com,doctor
539,Lynea,Marlie,Lynea.Marlie@yopmail.com,Lynea.Marlie@gmail.com,developer
540,Lindie,Ajay,Lindie.Ajay@yopmail.com,Lindie.Ajay@gmail.com,worker
541,Damaris,Adamsen,Damaris.Adamsen@yopmail.com,Damaris.Adamsen@gmail.com,developer
542,Agathe,Eliathas,Agathe.Eliathas@yopmail.com,Agathe.Eliathas@gmail.com,doctor
543,Nanete,Ephrem,Nanete.Ephrem@yopmail.com,Nanete.Ephrem@gmail.com,worker
544,Yvonne,Modie,Yvonne.Modie@yopmail.com,Yvonne.Modie@gmail.com,developer
545,Roslyn,Hirsch,Roslyn.Hirsch@yopmail.com,Roslyn.Hirsch@gmail.com,doctor
546,Nananne,Horan,Nananne.Horan@yopmail.com,Nananne.Horan@gmail.com,doctor
547,Feliza,Schonfeld,Feliza.Schonfeld@yopmail.com,Feliza.Schonfeld@gmail.com,police officer
548,Konstance,Lattie,Konstance.Lattie@yopmail.com,Konstance.Lattie@gmail.com,developer
549,Dede,Kunin,Dede.Kunin@yopmail.com,Dede.Kunin@gmail.com,developer
550,Alyda,Ovid,Alyda.Ovid@yopmail.com,Alyda.Ovid@gmail.com,police officer
551,Lizzie,Durante,Lizzie.Durante@yopmail.com,Lizzie.Durante@gmail.com,doctor
552,Steffane,Minetta,Steffane.Minetta@yopmail.com,Steffane.Minetta@gmail.com,developer
553,Ulrike,Jalbert,Ulrike.Jalbert@yopmail.com,Ulrike.Jalbert@gmail.com,police officer
554,Isa,Esmaria,Isa.Esmaria@yopmail.com,Isa.Esmaria@gmail.com,developer
555,Vinita,Craggie,Vinita.Craggie@yopmail.com,Vinita.Craggie@gmail.com,police officer
556,Loree,Demitria,Loree.Demitria@yopmail.com,Loree.Demitria@gmail.com,developer
557,Babita,Wind,Babita.Wind@yopmail.com,Babita.Wind@gmail.com,worker
558,Sindee,Burkle,Sindee.Burkle@yopmail.com,Sindee.Burkle@gmail.com,police officer
559,Paola,Bennie,Paola.Bennie@yopmail.com,Paola.Bennie@gmail.com,worker
560,Ursulina,Ingra,Ursulina.Ingra@yopmail.com,Ursulina.Ingra@gmail.com,police officer
561,Corry,Wareing,Corry.Wareing@yopmail.com,Corry.Wareing@gmail.com,worker
562,Hildegaard,Mallon,Hildegaard.Mallon@yopmail.com,Hildegaard.Mallon@gmail.com,firefighter
563,Janis,Nahum,Janis.Nahum@yopmail.com,Janis.Nahum@gmail.com,firefighter
564,Nataline,Seessel,Nataline.Seessel@yopmail.com,Nataline.Seessel@gmail.com,firefighter
565,Gianina,Gwenore,Gianina.Gwenore@yopmail.com,Gianina.Gwenore@gmail.com,worker
566,Bill,Howlyn,Bill.Howlyn@yopmail.com,Bill.Howlyn@gmail.com,doctor
567,Gisela,Marisa,Gisela.Marisa@yopmail.com,Gisela.Marisa@gmail.com,police officer
568,Emylee,Curren,Emylee.Curren@yopmail.com,Emylee.Curren@gmail.com,doctor
569,Konstance,McGrody,Konstance.McGrody@yopmail.com,Konstance.McGrody@gmail.com,police officer
570,Janeczka,Minetta,Janeczka.Minetta@yopmail.com,Janeczka.Minetta@gmail.com,firefighter
571,Peri,Sothena,Peri.Sothena@yopmail.com,Peri.Sothena@gmail.com,worker
572,Jorry,Barrus,Jorry.Barrus@yopmail.com,Jorry.Barrus@gmail.com,police officer
573,Melina,Socha,Melina.Socha@yopmail.com,Melina.Socha@gmail.com,doctor
574,Layla,Cosenza,Layla.Cosenza@yopmail.com,Layla.Cosenza@gmail.com,firefighter
575,Violet,Soneson,Violet.Soneson@yopmail.com,Violet.Soneson@gmail.com,developer
576,Kristan,Catie,Kristan.Catie@yopmail.com,Kristan.Catie@gmail.com,worker
577,Cathyleen,Adamsen,Cathyleen.Adamsen@yopmail.com,Cathyleen.Adamsen@gmail.com,firefighter
578,Briney,Blase,Briney.Blase@yopmail.com,Briney.Blase@gmail.com,police officer
579,Patricia,Suk,Patricia.Suk@yopmail.com,Patricia.Suk@gmail.com,police officer
580,Hettie,Francene,Hettie.Francene@yopmail.com,Hettie.Francene@gmail.com,worker
581,Sara-Ann,Seagraves,Sara-Ann.Seagraves@yopmail.com,Sara-Ann.Seagraves@gmail.com,developer
582,Hermione,Michella,Hermione.Michella@yopmail.com,Hermione.Michella@gmail.com,worker
583,Sashenka,Gibbeon,Sashenka.Gibbeon@yopmail.com,Sashenka.Gibbeon@gmail.com,worker
584,Dennie,Ashely,Dennie.Ashely@yopmail.com,Dennie.Ashely@gmail.com,police officer
585,Valera,Israeli,Valera.Israeli@yopmail.com,Valera.Israeli@gmail.com,developer
586,Peri,Shuler,Peri.Shuler@yopmail.com,Peri.Shuler@gmail.com,doctor
587,Wileen,Naashom,Wileen.Naashom@yopmail.com,Wileen.Naashom@gmail.com,firefighter
588,Mady,Natalia,Mady.Natalia@yopmail.com,Mady.Natalia@gmail.com,developer
589,Alia,Ortrude,Alia.Ortrude@yopmail.com,Alia.Ortrude@gmail.com,firefighter
590,Cordi,Hertzfeld,Cordi.Hertzfeld@yopmail.com,Cordi.Hertzfeld@gmail.com,developer
591,Linet,Atonsah,Linet.Atonsah@yopmail.com,Linet.Atonsah@gmail.com,developer
592,Nadine,Eugenia,Nadine.Eugenia@yopmail.com,Nadine.Eugenia@gmail.com,police officer
593,Gilligan,Boehike,Gilligan.Boehike@yopmail.com,Gilligan.Boehike@gmail.com,police officer
594,Carolina,Fry,Carolina.Fry@yopmail.com,Carolina.Fry@gmail.com,firefighter
595,Pearline,Chandler,Pearline.Chandler@yopmail.com,Pearline.Chandler@gmail.com,developer
596,Elbertina,Pandolfi,Elbertina.Pandolfi@yopmail.com,Elbertina.Pandolfi@gmail.com,doctor
597,Valeda,Ashely,Valeda.Ashely@yopmail.com,Valeda.Ashely@gmail.com,worker
598,Libbie,Wallis,Libbie.Wallis@yopmail.com,Libbie.Wallis@gmail.com,doctor
599,Priscilla,Jacobah,Priscilla.Jacobah@yopmail.com,Priscilla.Jacobah@gmail.com,worker
600,Karolina,Ursulette,Karolina.Ursulette@yopmail.com,Karolina.Ursulette@gmail.com,police officer
601,Diena,Hepsibah,Diena.Hepsibah@yopmail.com,Diena.Hepsibah@gmail.com,police officer
602,Marita,Nerita,Marita.Nerita@yopmail.com,Marita.Nerita@gmail.com,police officer
603,Maye,Lory,Maye.Lory@yopmail.com,Maye.Lory@gmail.com,doctor
604,Lucy,Sacken,Lucy.Sacken@yopmail.com,Lucy.Sacken@gmail.com,firefighter
605,Tamqrah,Dannye,Tamqrah.Dannye@yopmail.com,Tamqrah.Dannye@gmail.com,worker
606,Sue,Johanna,Sue.Johanna@yopmail.com,Sue.Johanna@gmail.com,developer
607,Bettine,Deegan,Bettine.Deegan@yopmail.com,Bettine.Deegan@gmail.com,developer
608,Wynne,Ellord,Wynne.Ellord@yopmail.com,Wynne.Ellord@gmail.com,police officer
609,Charlena,Malanie,Charlena.Malanie@yopmail.com,Charlena.Malanie@gmail.com,doctor
610,Georgetta,Gale,Georgetta.Gale@yopmail.com,Georgetta.Gale@gmail.com,developer
611,Gerrie,Toni,Gerrie.Toni@yopmail.com,Gerrie.Toni@gmail.com,developer
612,Joeann,Sekofski,Joeann.Sekofski@yopmail.com,Joeann.Sekofski@gmail.com,doctor
613,Helena,Thunell,Helena.Thunell@yopmail.com,Helena.Thunell@gmail.com,firefighter
614,Caritta,Even,Caritta.Even@yopmail.com,Caritta.Even@gmail.com,police officer
615,Ottilie,McClimans,Ottilie.McClimans@yopmail.com,Ottilie.McClimans@gmail.com,police officer
616,Lonnie,Charity,Lonnie.Charity@yopmail.com,Lonnie.Charity@gmail.com,firefighter
617,Robbi,Juliet,Robbi.Juliet@yopmail.com,Robbi.Juliet@gmail.com,doctor
618,Verla,Aldric,Verla.Aldric@yopmail.com,Verla.Aldric@gmail.com,worker
619,Orelia,Ade,Orelia.Ade@yopmail.com,Orelia.Ade@gmail.com,developer
620,Nikki,Bahr,Nikki.Bahr@yopmail.com,Nikki.Bahr@gmail.com,doctor
621,Heddie,Baptlsta,Heddie.Baptlsta@yopmail.com,Heddie.Baptlsta@gmail.com,firefighter
622,Dulcinea,Primalia,Dulcinea.Primalia@yopmail.com,Dulcinea.Primalia@gmail.com,worker
623,Dania,Woodberry,Dania.Woodberry@yopmail.com,Dania.Woodberry@gmail.com,developer
624,Pearline,Noman,Pearline.Noman@yopmail.com,Pearline.Noman@gmail.com,firefighter
625,Glenda,Colbert,Glenda.Colbert@yopmail.com,Glenda.Colbert@gmail.com,police officer
626,Emma,Clywd,Emma.Clywd@yopmail.com,Emma.Clywd@gmail.com,doctor
627,Di,Presber,Di.Presber@yopmail.com,Di.Presber@gmail.com,worker
628,Regina,Sasnett,Regina.Sasnett@yopmail.com,Regina.Sasnett@gmail.com,firefighter
629,Jorry,Zachary,Jorry.Zachary@yopmail.com,Jorry.Zachary@gmail.com,doctor
630,Gratia,Eiser,Gratia.Eiser@yopmail.com,Gratia.Eiser@gmail.com,firefighter
631,Thalia,Ramona,Thalia.Ramona@yopmail.com,Thalia.Ramona@gmail.com,doctor
632,Philis,Pip,Philis.Pip@yopmail.com,Philis.Pip@gmail.com,developer
633,Blondelle,Cutlerr,Blondelle.Cutlerr@yopmail.com,Blondelle.Cutlerr@gmail.com,doctor
634,Rebeca,Henrie,Rebeca.Henrie@yopmail.com,Rebeca.Henrie@gmail.com,firefighter
635,Neila,Madelene,Neila.Madelene@yopmail.com,Neila.Madelene@gmail.com,worker
636,Sibella,Shaddock,Sibella.Shaddock@yopmail.com,Sibella.Shaddock@gmail.com,doctor
637,Jolyn,Deegan,Jolyn.Deegan@yopmail.com,Jolyn.Deegan@gmail.com,doctor
638,Marcy,Lynn,Marcy.Lynn@yopmail.com,Marcy.Lynn@gmail.com,worker
639,Aimil,Edee,Aimil.Edee@yopmail.com,Aimil.Edee@gmail.com,firefighter
640,Loree,Hurley,Loree.Hurley@yopmail.com,Loree.Hurley@gmail.com,developer
641,Lucille,Sekofski,Lucille.Sekofski@yopmail.com,Lucille.Sekofski@gmail.com,developer
642,Desirae,Laverne,Desirae.Laverne@yopmail.com,Desirae.Laverne@gmail.com,firefighter
643,Teddie,Tryck,Teddie.Tryck@yopmail.com,Teddie.Tryck@gmail.com,firefighter
644,Britte,Christine,Britte.Christine@yopmail.com,Britte.Christine@gmail.com,firefighter
645,Henriette,Borrell,Henriette.Borrell@yopmail.com,Henriette.Borrell@gmail.com,police officer
646,Ethel,Goddard,Ethel.Goddard@yopmail.com,Ethel.Goddard@gmail.com,worker
647,Viviene,Alrich,Viviene.Alrich@yopmail.com,Viviene.Alrich@gmail.com,worker
648,Gloria,Wooster,Gloria.Wooster@yopmail.com,Gloria.Wooster@gmail.com,doctor
649,Berget,Taima,Berget.Taima@yopmail.com,Berget.Taima@gmail.com,firefighter
650,Orelia,Grayce,Orelia.Grayce@yopmail.com,Orelia.Grayce@gmail.com,police officer
651,Adelle,Swanhildas,Adelle.Swanhildas@yopmail.com,Adelle.Swanhildas@gmail.com,worker
652,Jennica,Weinreb,Jennica.Weinreb@yopmail.com,Jennica.Weinreb@gmail.com,developer
653,Kirbee,Arathorn,Kirbee.Arathorn@yopmail.com,Kirbee.Arathorn@gmail.com,doctor
654,Sissy,Phyllis,Sissy.Phyllis@yopmail.com,Sissy.Phyllis@gmail.com,worker
655,Gwenneth,Naashom,Gwenneth.Naashom@yopmail.com,Gwenneth.Naashom@gmail.com,firefighter
656,Trixi,Bennie,Trixi.Bennie@yopmail.com,Trixi.Bennie@gmail.com,doctor
657,Belinda,Medrek,Belinda.Medrek@yopmail.com,Belinda.Medrek@gmail.com,doctor
658,Bobbi,Leary,Bobbi.Leary@yopmail.com,Bobbi.Leary@gmail.com,worker
659,Theodora,Burkle,Theodora.Burkle@yopmail.com,Theodora.Burkle@gmail.com,developer
660,Dari,Morrill,Dari.Morrill@yopmail.com,Dari.Morrill@gmail.com,firefighter
661,Madalyn,Rooney,Madalyn.Rooney@yopmail.com,Madalyn.Rooney@gmail.com,worker
662,Latisha,Bashemeth,Latisha.Bashemeth@yopmail.com,Latisha.Bashemeth@gmail.com,firefighter
663,Belinda,Juliet,Belinda.Juliet@yopmail.com,Belinda.Juliet@gmail.com,police officer
664,Ariela,Gino,Ariela.Gino@yopmail.com,Ariela.Gino@gmail.com,worker
665,Ermengarde,Hathaway,Ermengarde.Hathaway@yopmail.com,Ermengarde.Hathaway@gmail.com,worker
666,Kalina,Garbe,Kalina.Garbe@yopmail.com,Kalina.Garbe@gmail.com,police officer
667,Nickie,Tacye,Nickie.Tacye@yopmail.com,Nickie.Tacye@gmail.com,developer
668,Marguerite,Devlen,Marguerite.Devlen@yopmail.com,Marguerite.Devlen@gmail.com,firefighter
669,Benita,Henrie,Benita.Henrie@yopmail.com,Benita.Henrie@gmail.com,police officer
670,Candi,Hirsch,Candi.Hirsch@yopmail.com,Candi.Hirsch@gmail.com,developer
671,Wileen,Schroth,Wileen.Schroth@yopmail.com,Wileen.Schroth@gmail.com,firefighter
672,Sissy,Lia,Sissy.Lia@yopmail.com,Sissy.Lia@gmail.com,doctor
673,Mildrid,Idelia,Mildrid.Idelia@yopmail.com,Mildrid.Idelia@gmail.com,firefighter
674,Tobe,Denis,Tobe.Denis@yopmail.com,Tobe.Denis@gmail.com,police officer
675,Benita,Stilwell,Benita.Stilwell@yopmail.com,Benita.Stilwell@gmail.com,developer
676,Myriam,Francyne,Myriam.Francyne@yopmail.com,Myriam.Francyne@gmail.com,firefighter
677,Heddie,Noam,Heddie.Noam@yopmail.com,Heddie.Noam@gmail.com,firefighter
678,Ofilia,Liebermann,Ofilia.Liebermann@yopmail.com,Ofilia.Liebermann@gmail.com,firefighter
679,Gertrud,Urias,Gertrud.Urias@yopmail.com,Gertrud.Urias@gmail.com,doctor
680,Marcelline,Rudolph,Marcelline.Rudolph@yopmail.com,Marcelline.Rudolph@gmail.com,police officer
681,Belinda,Gaspard,Belinda.Gaspard@yopmail.com,Belinda.Gaspard@gmail.com,firefighter
682,Drucie,Schalles,Drucie.Schalles@yopmail.com,Drucie.Schalles@gmail.com,firefighter
683,Ottilie,Ahab,Ottilie.Ahab@yopmail.com,Ottilie.Ahab@gmail.com,firefighter
684,Florencia,Rona,Florencia.Rona@yopmail.com,Florencia.Rona@gmail.com,doctor
685,Tori,Whiffen,Tori.Whiffen@yopmail.com,Tori.Whiffen@gmail.com,firefighter
686,Robinia,Nadia,Robinia.Nadia@yopmail.com,Robinia.Nadia@gmail.com,police officer
687,Edyth,Bow,Edyth.Bow@yopmail.com,Edyth.Bow@gmail.com,worker
688,Stacey,Ulphia,Stacey.Ulphia@yopmail.com,Stacey.Ulphia@gmail.com,worker
689,Codie,Juliet,Codie.Juliet@yopmail.com,Codie.Juliet@gmail.com,developer
690,Dorthy,Joli,Dorthy.Joli@yopmail.com,Dorthy.Joli@gmail.com,firefighter
691,Devina,Wenoa,Devina.Wenoa@yopmail.com,Devina.Wenoa@gmail.com,firefighter
692,Neila,Sidonius,Neila.Sidonius@yopmail.com,Neila.Sidonius@gmail.com,doctor
693,Gloria,Kristi,Gloria.Kristi@yopmail.com,Gloria.Kristi@gmail.com,worker
694,Jemie,Henebry,Jemie.Henebry@yopmail.com,Jemie.Henebry@gmail.com,police officer
695,Blondelle,Manolo,Blondelle.Manolo@yopmail.com,Blondelle.Manolo@gmail.com,firefighter
696,Georgetta,Corrine,Georgetta.Corrine@yopmail.com,Georgetta.Corrine@gmail.com,developer
697,Diena,Rossner,Diena.Rossner@yopmail.com,Diena.Rossner@gmail.com,police officer
698,Doralynne,Therine,Doralynne.Therine@yopmail.com,Doralynne.Therine@gmail.com,developer
699,Elsie,Kravits,Elsie.Kravits@yopmail.com,Elsie.Kravits@gmail.com,doctor
700,Robbi,Hylan,Robbi.Hylan@yopmail.com,Robbi.Hylan@gmail.com,police officer
701,Philis,Thar,Philis.Thar@yopmail.com,Philis.Thar@gmail.com,firefighter
702,Nonnah,Noam,Nonnah.Noam@yopmail.com,Nonnah.Noam@gmail.com,developer
703,Kary,Andrel,Kary.Andrel@yopmail.com,Kary.Andrel@gmail.com,doctor
704,Andree,Destinee,Andree.Destinee@yopmail.com,Andree.Destinee@gmail.com,police officer
705,Kial,Philoo,Kial.Philoo@yopmail.com,Kial.Philoo@gmail.com,police officer
706,Nariko,Secrest,Nariko.Secrest@yopmail.com,Nariko.Secrest@gmail.com,worker
707,Kathi,Newell,Kathi.Newell@yopmail.com,Kathi.Newell@gmail.com,firefighter
708,Marylou,Sharl,Marylou.Sharl@yopmail.com,Marylou.Sharl@gmail.com,firefighter
709,Loree,Pyle,Loree.Pyle@yopmail.com,Loree.Pyle@gmail.com,developer
710,Viki,Rurik,Viki.Rurik@yopmail.com,Viki.Rurik@gmail.com,firefighter
711,Robbi,Florina,Robbi.Florina@yopmail.com,Robbi.Florina@gmail.com,police officer
712,Kathy,Shama,Kathy.Shama@yopmail.com,Kathy.Shama@gmail.com,worker
713,Alyda,Hortensia,Alyda.Hortensia@yopmail.com,Alyda.Hortensia@gmail.com,doctor
714,Queenie,Bord,Queenie.Bord@yopmail.com,Queenie.Bord@gmail.com,firefighter
715,Raina,Anastatius,Raina.Anastatius@yopmail.com,Raina.Anastatius@gmail.com,firefighter
716,Stacey,Rugen,Stacey.Rugen@yopmail.com,Stacey.Rugen@gmail.com,firefighter
717,Amii,Yate,Amii.Yate@yopmail.com,Amii.Yate@gmail.com,doctor
718,Lexine,Vins,Lexine.Vins@yopmail.com,Lexine.Vins@gmail.com,firefighter
719,Ulrike,Creamer,Ulrike.Creamer@yopmail.com,Ulrike.Creamer@gmail.com,firefighter
720,Yvonne,Mathilde,Yvonne.Mathilde@yopmail.com,Yvonne.Mathilde@gmail.com,doctor
721,Trixi,Evangelia,Trixi.Evangelia@yopmail.com,Trixi.Evangelia@gmail.com,worker
722,Renae,Pearse,Renae.Pearse@yopmail.com,Renae.Pearse@gmail.com,worker
723,Maisey,Tillford,Maisey.Tillford@yopmail.com,Maisey.Tillford@gmail.com,developer
724,Nadine,Moseley,Nadine.Moseley@yopmail.com,Nadine.Moseley@gmail.com,firefighter
725,Phedra,Carey,Phedra.Carey@yopmail.com,Phedra.Carey@gmail.com,police officer
726,Barbi,Thilda,Barbi.Thilda@yopmail.com,Barbi.Thilda@gmail.com,firefighter
727,Sidoney,Lilas,Sidoney.Lilas@yopmail.com,Sidoney.Lilas@gmail.com,developer
728,Viviene,Markman,Viviene.Markman@yopmail.com,Viviene.Markman@gmail.com,worker
729,Jany,Kalinda,Jany.Kalinda@yopmail.com,Jany.Kalinda@gmail.com,developer
730,Valera,Thar,Valera.Thar@yopmail.com,Valera.Thar@gmail.com,developer
731,Bill,Anton,Bill.Anton@yopmail.com,Bill.Anton@gmail.com,police officer
732,Monika,Candy,Monika.Candy@yopmail.com,Monika.Candy@gmail.com,police officer
733,Rosaline,Carbo,Rosaline.Carbo@yopmail.com,Rosaline.Carbo@gmail.com,developer
734,Nessie,Joli,Nessie.Joli@yopmail.com,Nessie.Joli@gmail.com,doctor
735,Anica,Annabella,Anica.Annabella@yopmail.com,Anica.Annabella@gmail.com,worker
736,Frank,Malvino,Frank.Malvino@yopmail.com,Frank.Malvino@gmail.com,doctor
737,Rori,Masao,Rori.Masao@yopmail.com,Rori.Masao@gmail.com,doctor
738,Basia,Mike,Basia.Mike@yopmail.com,Basia.Mike@gmail.com,doctor
739,Kalina,Papageno,Kalina.Papageno@yopmail.com,Kalina.Papageno@gmail.com,worker
740,Nanete,Winthorpe,Nanete.Winthorpe@yopmail.com,Nanete.Winthorpe@gmail.com,worker
741,Joy,Lynn,Joy.Lynn@yopmail.com,Joy.Lynn@gmail.com,police officer
742,Ekaterina,Auberbach,Ekaterina.Auberbach@yopmail.com,Ekaterina.Auberbach@gmail.com,firefighter
743,Madelle,Havens,Madelle.Havens@yopmail.com,Madelle.Havens@gmail.com,doctor
744,Sophia,Camden,Sophia.Camden@yopmail.com,Sophia.Camden@gmail.com,worker
745,Blinni,Lasley,Blinni.Lasley@yopmail.com,Blinni.Lasley@gmail.com,police officer
746,Kittie,Carleen,Kittie.Carleen@yopmail.com,Kittie.Carleen@gmail.com,police officer
747,Lonnie,Yerkovich,Lonnie.Yerkovich@yopmail.com,Lonnie.Yerkovich@gmail.com,worker
748,Malina,Dawkins,Malina.Dawkins@yopmail.com,Malina.Dawkins@gmail.com,police officer
749,Cyb,Stephie,Cyb.Stephie@yopmail.com,Cyb.Stephie@gmail.com,worker
750,Mellicent,Zola,Mellicent.Zola@yopmail.com,Mellicent.Zola@gmail.com,firefighter
751,Florencia,Sancho,Florencia.Sancho@yopmail.com,Florencia.Sancho@gmail.com,firefighter
752,Jillayne,Callista,Jillayne.Callista@yopmail.com,Jillayne.Callista@gmail.com,doctor
753,Myriam,Sancho,Myriam.Sancho@yopmail.com,Myriam.Sancho@gmail.com,firefighter
754,Brooks,Amand,Brooks.Amand@yopmail.com,Brooks.Amand@gmail.com,police officer
755,Amii,Christal,Amii.Christal@yopmail.com,Amii.Christal@gmail.com,worker
756,Shannah,Sundin,Shannah.Sundin@yopmail.com,Shannah.Sundin@gmail.com,firefighter
757,Desirae,My,Desirae.My@yopmail.com,Desirae.My@gmail.com,firefighter
758,Jennica,Cath,Jennica.Cath@yopmail.com,Jennica.Cath@gmail.com,doctor
759,Vita,Nadia,Vita.Nadia@yopmail.com,Vita.Nadia@gmail.com,firefighter
760,Rhoda,Colp,Rhoda.Colp@yopmail.com,Rhoda.Colp@gmail.com,firefighter
761,Modestia,Weide,Modestia.Weide@yopmail.com,Modestia.Weide@gmail.com,police officer
762,Aurelie,Rhu,Aurelie.Rhu@yopmail.com,Aurelie.Rhu@gmail.com,police officer
763,Jennica,Kress,Jennica.Kress@yopmail.com,Jennica.Kress@gmail.com,police officer
764,Beatriz,Gaspard,Beatriz.Gaspard@yopmail.com,Beatriz.Gaspard@gmail.com,developer
765,Karena,Linehan,Karena.Linehan@yopmail.com,Karena.Linehan@gmail.com,doctor
766,Helsa,Lilas,Helsa.Lilas@yopmail.com,Helsa.Lilas@gmail.com,developer
767,Aaren,Ortrude,Aaren.Ortrude@yopmail.com,Aaren.Ortrude@gmail.com,doctor
768,Ruthe,Fancie,Ruthe.Fancie@yopmail.com,Ruthe.Fancie@gmail.com,worker
769,Madalyn,Wyn,Madalyn.Wyn@yopmail.com,Madalyn.Wyn@gmail.com,firefighter
770,Felice,Llovera,Felice.Llovera@yopmail.com,Felice.Llovera@gmail.com,firefighter
771,Belinda,Matthew,Belinda.Matthew@yopmail.com,Belinda.Matthew@gmail.com,developer
772,Dianemarie,Melony,Dianemarie.Melony@yopmail.com,Dianemarie.Melony@gmail.com,doctor
773,Jan,Brackely,Jan.Brackely@yopmail.com,Jan.Brackely@gmail.com,worker
774,Chickie,Reneta,Chickie.Reneta@yopmail.com,Chickie.Reneta@gmail.com,doctor
775,Carmencita,Emmaline,Carmencita.Emmaline@yopmail.com,Carmencita.Emmaline@gmail.com,worker
776,Meghann,Bahr,Meghann.Bahr@yopmail.com,Meghann.Bahr@gmail.com,police officer
777,Vivia,Huggins,Vivia.Huggins@yopmail.com,Vivia.Huggins@gmail.com,worker
778,Ida,Waite,Ida.Waite@yopmail.com,Ida.Waite@gmail.com,police officer
779,Janey,Sparhawk,Janey.Sparhawk@yopmail.com,Janey.Sparhawk@gmail.com,worker
780,Kayla,Weitman,Kayla.Weitman@yopmail.com,Kayla.Weitman@gmail.com,doctor
781,Drucie,Kannry,Drucie.Kannry@yopmail.com,Drucie.Kannry@gmail.com,police officer
782,Stevana,Lenny,Stevana.Lenny@yopmail.com,Stevana.Lenny@gmail.com,worker
783,Wendi,Fitzsimmons,Wendi.Fitzsimmons@yopmail.com,Wendi.Fitzsimmons@gmail.com,police officer
784,Nonnah,Tryck,Nonnah.Tryck@yopmail.com,Nonnah.Tryck@gmail.com,firefighter
785,Nananne,Lubin,Nananne.Lubin@yopmail.com,Nananne.Lubin@gmail.com,police officer
786,Dacia,Nisbet,Dacia.Nisbet@yopmail.com,Dacia.Nisbet@gmail.com,developer
787,Britni,Hutchison,Britni.Hutchison@yopmail.com,Britni.Hutchison@gmail.com,doctor
788,Elmira,Jena,Elmira.Jena@yopmail.com,Elmira.Jena@gmail.com,developer
789,Fina,Gaspard,Fina.Gaspard@yopmail.com,Fina.Gaspard@gmail.com,police officer
790,Hildegaard,Zina,Hildegaard.Zina@yopmail.com,Hildegaard.Zina@gmail.com,developer
791,Kamilah,Lia,Kamilah.Lia@yopmail.com,Kamilah.Lia@gmail.com,doctor
792,Ira,Annabella,Ira.Annabella@yopmail.com,Ira.Annabella@gmail.com,developer
793,Genovera,Skurnik,Genovera.Skurnik@yopmail.com,Genovera.Skurnik@gmail.com,worker
794,Gabriellia,Gaal,Gabriellia.Gaal@yopmail.com,Gabriellia.Gaal@gmail.com,doctor
795,Dominga,Socha,Dominga.Socha@yopmail.com,Dominga.Socha@gmail.com,worker
796,Yolane,Alabaster,Yolane.Alabaster@yopmail.com,Yolane.Alabaster@gmail.com,developer
797,Dennie,Leopold,Dennie.Leopold@yopmail.com,Dennie.Leopold@gmail.com,police officer
798,Petronia,Old,Petronia.Old@yopmail.com,Petronia.Old@gmail.com,developer
799,Heida,Ajay,Heida.Ajay@yopmail.com,Heida.Ajay@gmail.com,developer
800,Oralee,Dawkins,Oralee.Dawkins@yopmail.com,Oralee.Dawkins@gmail.com,developer
801,Ann-Marie,O'Rourke,Ann-Marie.O'Rourke@yopmail.com,Ann-Marie.O'Rourke@gmail.com,doctor
802,Blake,Hermes,Blake.Hermes@yopmail.com,Blake.Hermes@gmail.com,worker
803,Sonni,Belldas,Sonni.Belldas@yopmail.com,Sonni.Belldas@gmail.com,police officer
804,Elfreda,Liva,Elfreda.Liva@yopmail.com,Elfreda.Liva@gmail.com,police officer
805,Peri,Roarke,Peri.Roarke@yopmail.com,Peri.Roarke@gmail.com,firefighter
806,Yetty,Saree,Yetty.Saree@yopmail.com,Yetty.Saree@gmail.com,police officer
807,Rebeca,Hoban,Rebeca.Hoban@yopmail.com,Rebeca.Hoban@gmail.com,police officer
808,Wendi,Sabella,Wendi.Sabella@yopmail.com,Wendi.Sabella@gmail.com,developer
809,Asia,Dannye,Asia.Dannye@yopmail.com,Asia.Dannye@gmail.com,developer
810,Carree,Jeanne,Carree.Jeanne@yopmail.com,Carree.Jeanne@gmail.com,police officer
811,Dagmar,Weitman,Dagmar.Weitman@yopmail.com,Dagmar.Weitman@gmail.com,firefighter
812,Stacey,Revkah,Stacey.Revkah@yopmail.com,Stacey.Revkah@gmail.com,firefighter
813,Bertine,Anyah,Bertine.Anyah@yopmail.com,Bertine.Anyah@gmail.com,police officer
814,Krystle,Duwalt,Krystle.Duwalt@yopmail.com,Krystle.Duwalt@gmail.com,worker
815,Jere,Ranjiv,Jere.Ranjiv@yopmail.com,Jere.Ranjiv@gmail.com,police officer
816,Felice,Naor,Felice.Naor@yopmail.com,Felice.Naor@gmail.com,worker
817,Cordi,Lynn,Cordi.Lynn@yopmail.com,Cordi.Lynn@gmail.com,firefighter
818,Diena,Kenney,Diena.Kenney@yopmail.com,Diena.Kenney@gmail.com,worker
819,Ekaterina,Kazimir,Ekaterina.Kazimir@yopmail.com,Ekaterina.Kazimir@gmail.com,firefighter
820,Melodie,Bakerman,Melodie.Bakerman@yopmail.com,Melodie.Bakerman@gmail.com,doctor
821,Linet,Barbey,Linet.Barbey@yopmail.com,Linet.Barbey@gmail.com,firefighter
822,Valli,Toor,Valli.Toor@yopmail.com,Valli.Toor@gmail.com,doctor
823,Consuela,Tremayne,Consuela.Tremayne@yopmail.com,Consuela.Tremayne@gmail.com,police officer
824,Chickie,Corilla,Chickie.Corilla@yopmail.com,Chickie.Corilla@gmail.com,police officer
825,Tabbatha,Bollay,Tabbatha.Bollay@yopmail.com,Tabbatha.Bollay@gmail.com,firefighter
826,Hayley,Hieronymus,Hayley.Hieronymus@yopmail.com,Hayley.Hieronymus@gmail.com,worker
827,Georgetta,Tufts,Georgetta.Tufts@yopmail.com,Georgetta.Tufts@gmail.com,worker
828,Audrie,McClimans,Audrie.McClimans@yopmail.com,Audrie.McClimans@gmail.com,firefighter
829,Kate,Bivins,Kate.Bivins@yopmail.com,Kate.Bivins@gmail.com,doctor
830,Molli,Oscar,Molli.Oscar@yopmail.com,Molli.Oscar@gmail.com,firefighter
831,Jillayne,Darbie,Jillayne.Darbie@yopmail.com,Jillayne.Darbie@gmail.com,firefighter
832,Gui,Richers,Gui.Richers@yopmail.com,Gui.Richers@gmail.com,worker
833,Brianna,Mallon,Brianna.Mallon@yopmail.com,Brianna.Mallon@gmail.com,worker
834,Betta,Mendez,Betta.Mendez@yopmail.com,Betta.Mendez@gmail.com,developer
835,Priscilla,Shelba,Priscilla.Shelba@yopmail.com,Priscilla.Shelba@gmail.com,doctor
836,Livvyy,Ophelia,Livvyy.Ophelia@yopmail.com,Livvyy.Ophelia@gmail.com,police officer
837,Steffane,Publia,Steffane.Publia@yopmail.com,Steffane.Publia@gmail.com,worker
838,Carly,Hollingsworth,Carly.Hollingsworth@yopmail.com,Carly.Hollingsworth@gmail.com,worker
839,Antonietta,Delacourt,Antonietta.Delacourt@yopmail.com,Antonietta.Delacourt@gmail.com,firefighter
840,Zaria,Bury,Zaria.Bury@yopmail.com,Zaria.Bury@gmail.com,worker
841,Malina,Haldas,Malina.Haldas@yopmail.com,Malina.Haldas@gmail.com,firefighter
842,Arlina,Krystle,Arlina.Krystle@yopmail.com,Arlina.Krystle@gmail.com,doctor
843,Justinn,Baptlsta,Justinn.Baptlsta@yopmail.com,Justinn.Baptlsta@gmail.com,doctor
844,Alejandra,Bach,Alejandra.Bach@yopmail.com,Alejandra.Bach@gmail.com,developer
845,Aaren,Belanger,Aaren.Belanger@yopmail.com,Aaren.Belanger@gmail.com,police officer
846,Elvira,Lanita,Elvira.Lanita@yopmail.com,Elvira.Lanita@gmail.com,doctor
847,Carree,Screens,Carree.Screens@yopmail.com,Carree.Screens@gmail.com,developer
848,Karolina,Sinegold,Karolina.Sinegold@yopmail.com,Karolina.Sinegold@gmail.com,police officer
849,Dianemarie,Ummersen,Dianemarie.Ummersen@yopmail.com,Dianemarie.Ummersen@gmail.com,doctor
850,Lucille,Neva,Lucille.Neva@yopmail.com,Lucille.Neva@gmail.com,worker
851,Rosene,Morgun,Rosene.Morgun@yopmail.com,Rosene.Morgun@gmail.com,developer
852,Lexine,Kenney,Lexine.Kenney@yopmail.com,Lexine.Kenney@gmail.com,developer
853,Romona,Martsen,Romona.Martsen@yopmail.com,Romona.Martsen@gmail.com,worker
854,Roxane,Mallon,Roxane.Mallon@yopmail.com,Roxane.Mallon@gmail.com,police officer
855,Mary,Charmine,Mary.Charmine@yopmail.com,Mary.Charmine@gmail.com,doctor
856,Chastity,Natalia,Chastity.Natalia@yopmail.com,Chastity.Natalia@gmail.com,firefighter
857,Theodora,Lipson,Theodora.Lipson@yopmail.com,Theodora.Lipson@gmail.com,police officer
858,Almeta,Tarrant,Almeta.Tarrant@yopmail.com,Almeta.Tarrant@gmail.com,developer
859,Phylis,Sinegold,Phylis.Sinegold@yopmail.com,Phylis.Sinegold@gmail.com,police officer
860,Regina,Abbot,Regina.Abbot@yopmail.com,Regina.Abbot@gmail.com,firefighter
861,Shel,Lenny,Shel.Lenny@yopmail.com,Shel.Lenny@gmail.com,doctor
862,Hyacinthe,Ricki,Hyacinthe.Ricki@yopmail.com,Hyacinthe.Ricki@gmail.com,police officer
863,Arabel,Vins,Arabel.Vins@yopmail.com,Arabel.Vins@gmail.com,developer
864,Amara,Delila,Amara.Delila@yopmail.com,Amara.Delila@gmail.com,doctor
865,Carmela,Wittie,Carmela.Wittie@yopmail.com,Carmela.Wittie@gmail.com,police officer
866,Sindee,Gregrory,Sindee.Gregrory@yopmail.com,Sindee.Gregrory@gmail.com,developer
867,Benita,Fredi,Benita.Fredi@yopmail.com,Benita.Fredi@gmail.com,worker
868,Donnie,Ophelia,Donnie.Ophelia@yopmail.com,Donnie.Ophelia@gmail.com,firefighter
869,Goldie,Gert,Goldie.Gert@yopmail.com,Goldie.Gert@gmail.com,developer
870,Henriette,Tayib,Henriette.Tayib@yopmail.com,Henriette.Tayib@gmail.com,worker
871,Alex,Israeli,Alex.Israeli@yopmail.com,Alex.Israeli@gmail.com,doctor
872,Millie,Lareena,Millie.Lareena@yopmail.com,Millie.Lareena@gmail.com,developer
873,Chrystel,Seagraves,Chrystel.Seagraves@yopmail.com,Chrystel.Seagraves@gmail.com,firefighter
874,Clo,Krystle,Clo.Krystle@yopmail.com,Clo.Krystle@gmail.com,doctor
875,Phedra,Fulmer,Phedra.Fulmer@yopmail.com,Phedra.Fulmer@gmail.com,worker
876,Belva,Roarke,Belva.Roarke@yopmail.com,Belva.Roarke@gmail.com,police officer
877,Halette,Eachern,Halette.Eachern@yopmail.com,Halette.Eachern@gmail.com,developer
878,Sean,Malvino,Sean.Malvino@yopmail.com,Sean.Malvino@gmail.com,worker
879,Lolita,Luhe,Lolita.Luhe@yopmail.com,Lolita.Luhe@gmail.com,doctor
880,Bertine,Markman,Bertine.Markman@yopmail.com,Bertine.Markman@gmail.com,police officer
881,Kate,Pernick,Kate.Pernick@yopmail.com,Kate.Pernick@gmail.com,doctor
882,Nanete,Bronk,Nanete.Bronk@yopmail.com,Nanete.Bronk@gmail.com,doctor
883,Susette,Boehike,Susette.Boehike@yopmail.com,Susette.Boehike@gmail.com,doctor
884,Dennie,Nore,Dennie.Nore@yopmail.com,Dennie.Nore@gmail.com,doctor
885,Katharina,Edee,Katharina.Edee@yopmail.com,Katharina.Edee@gmail.com,firefighter
886,Thalia,Suk,Thalia.Suk@yopmail.com,Thalia.Suk@gmail.com,firefighter
887,Vanessa,Ammann,Vanessa.Ammann@yopmail.com,Vanessa.Ammann@gmail.com,worker
888,Annecorinne,Henrie,Annecorinne.Henrie@yopmail.com,Annecorinne.Henrie@gmail.com,firefighter
889,Edith,Mich,Edith.Mich@yopmail.com,Edith.Mich@gmail.com,police officer
890,Reeba,Carbo,Reeba.Carbo@yopmail.com,Reeba.Carbo@gmail.com,worker
891,Morganica,Love,Morganica.Love@yopmail.com,Morganica.Love@gmail.com,developer
892,Giustina,Diogenes,Giustina.Diogenes@yopmail.com,Giustina.Diogenes@gmail.com,firefighter
893,Elka,Skurnik,Elka.Skurnik@yopmail.com,Elka.Skurnik@gmail.com,developer
894,Moyna,Rodmann,Moyna.Rodmann@yopmail.com,Moyna.Rodmann@gmail.com,firefighter
895,Norine,Garek,Norine.Garek@yopmail.com,Norine.Garek@gmail.com,firefighter
896,Anallese,Bord,Anallese.Bord@yopmail.com,Anallese.Bord@gmail.com,police officer
897,Tiffie,Stevy,Tiffie.Stevy@yopmail.com,Tiffie.Stevy@gmail.com,developer
898,Alia,Kat,Alia.Kat@yopmail.com,Alia.Kat@gmail.com,doctor
899,Nessie,Even,Nessie.Even@yopmail.com,Nessie.Even@gmail.com,police officer
900,Rozele,Cristi,Rozele.Cristi@yopmail.com,Rozele.Cristi@gmail.com,doctor
901,Vonny,Taima,Vonny.Taima@yopmail.com,Vonny.Taima@gmail.com,worker
902,Augustine,Sothena,Augustine.Sothena@yopmail.com,Augustine.Sothena@gmail.com,worker
903,Lita,Harl,Lita.Harl@yopmail.com,Lita.Harl@gmail.com,police officer
904,Ida,Stefa,Ida.Stefa@yopmail.com,Ida.Stefa@gmail.com,police officer
905,Fred,Schalles,Fred.Schalles@yopmail.com,Fred.Schalles@gmail.com,doctor
906,Zia,Odysseus,Zia.Odysseus@yopmail.com,Zia.Odysseus@gmail.com,developer
907,Ana,Eno,Ana.Eno@yopmail.com,Ana.Eno@gmail.com,doctor
908,Jeanna,Stefa,Jeanna.Stefa@yopmail.com,Jeanna.Stefa@gmail.com,doctor
909,Bibby,Rad,Bibby.Rad@yopmail.com,Bibby.Rad@gmail.com,doctor
910,Kylynn,Klotz,Kylynn.Klotz@yopmail.com,Kylynn.Klotz@gmail.com,police officer
911,Rhea,Bartlett,Rhea.Bartlett@yopmail.com,Rhea.Bartlett@gmail.com,doctor
912,Dede,Old,Dede.Old@yopmail.com,Dede.Old@gmail.com,firefighter
913,Hildegaard,Primalia,Hildegaard.Primalia@yopmail.com,Hildegaard.Primalia@gmail.com,firefighter
914,Kary,Lay,Kary.Lay@yopmail.com,Kary.Lay@gmail.com,police officer
915,Nananne,Byrne,Nananne.Byrne@yopmail.com,Nananne.Byrne@gmail.com,developer
916,Roseline,Hebner,Roseline.Hebner@yopmail.com,Roseline.Hebner@gmail.com,firefighter
917,Wendi,Anis,Wendi.Anis@yopmail.com,Wendi.Anis@gmail.com,worker
918,Jaclyn,Solitta,Jaclyn.Solitta@yopmail.com,Jaclyn.Solitta@gmail.com,developer
919,Orelia,Bollay,Orelia.Bollay@yopmail.com,Orelia.Bollay@gmail.com,worker
920,Reeba,Grimbly,Reeba.Grimbly@yopmail.com,Reeba.Grimbly@gmail.com,worker
921,Anallese,Kirstin,Anallese.Kirstin@yopmail.com,Anallese.Kirstin@gmail.com,worker
922,Norine,Pitt,Norine.Pitt@yopmail.com,Norine.Pitt@gmail.com,police officer
923,Rosanne,Ariella,Rosanne.Ariella@yopmail.com,Rosanne.Ariella@gmail.com,police officer
924,Wileen,Socha,Wileen.Socha@yopmail.com,Wileen.Socha@gmail.com,police officer
925,Roz,Stelle,Roz.Stelle@yopmail.com,Roz.Stelle@gmail.com,doctor
926,Tracey,Kunin,Tracey.Kunin@yopmail.com,Tracey.Kunin@gmail.com,firefighter
927,Andeee,Dalli,Andeee.Dalli@yopmail.com,Andeee.Dalli@gmail.com,firefighter
928,Jasmina,Raychel,Jasmina.Raychel@yopmail.com,Jasmina.Raychel@gmail.com,firefighter
929,Gui,Hunfredo,Gui.Hunfredo@yopmail.com,Gui.Hunfredo@gmail.com,developer
930,Odessa,Halla,Odessa.Halla@yopmail.com,Odessa.Halla@gmail.com,worker
931,Celisse,Hepsibah,Celisse.Hepsibah@yopmail.com,Celisse.Hepsibah@gmail.com,developer
932,Rani,Bashemeth,Rani.Bashemeth@yopmail.com,Rani.Bashemeth@gmail.com,police officer
933,Nollie,Sadowski,Nollie.Sadowski@yopmail.com,Nollie.Sadowski@gmail.com,doctor
934,Rayna,Breed,Rayna.Breed@yopmail.com,Rayna.Breed@gmail.com,worker
935,Jemie,Alfons,Jemie.Alfons@yopmail.com,Jemie.Alfons@gmail.com,police officer
936,Shandie,Anderea,Shandie.Anderea@yopmail.com,Shandie.Anderea@gmail.com,developer
937,Farrah,Alva,Farrah.Alva@yopmail.com,Farrah.Alva@gmail.com,doctor
938,Nanete,An,Nanete.An@yopmail.com,Nanete.An@gmail.com,developer
939,Marjie,Anis,Marjie.Anis@yopmail.com,Marjie.Anis@gmail.com,police officer
940,Brana,Anderea,Brana.Anderea@yopmail.com,Brana.Anderea@gmail.com,developer
941,Vere,Rugen,Vere.Rugen@yopmail.com,Vere.Rugen@gmail.com,firefighter
942,Olwen,Judye,Olwen.Judye@yopmail.com,Olwen.Judye@gmail.com,firefighter
943,Viviene,Trey,Viviene.Trey@yopmail.com,Viviene.Trey@gmail.com,firefighter
944,Lita,Madox,Lita.Madox@yopmail.com,Lita.Madox@gmail.com,police officer
945,Drucie,Junie,Drucie.Junie@yopmail.com,Drucie.Junie@gmail.com,worker
946,Rhoda,Dulciana,Rhoda.Dulciana@yopmail.com,Rhoda.Dulciana@gmail.com,firefighter
947,Calla,Gusella,Calla.Gusella@yopmail.com,Calla.Gusella@gmail.com,police officer
948,Violet,Nester,Violet.Nester@yopmail.com,Violet.Nester@gmail.com,firefighter
949,Ileana,Ophelia,Ileana.Ophelia@yopmail.com,Ileana.Ophelia@gmail.com,worker
950,Ursulina,Rurik,Ursulina.Rurik@yopmail.com,Ursulina.Rurik@gmail.com,developer
951,Angela,Martsen,Angela.Martsen@yopmail.com,Angela.Martsen@gmail.com,worker
952,Pearline,Drisko,Pearline.Drisko@yopmail.com,Pearline.Drisko@gmail.com,police officer
953,Susan,Telfer,Susan.Telfer@yopmail.com,Susan.Telfer@gmail.com,worker
954,Donetta,Natica,Donetta.Natica@yopmail.com,Donetta.Natica@gmail.com,worker
955,Morganica,Leifeste,Morganica.Leifeste@yopmail.com,Morganica.Leifeste@gmail.com,firefighter
956,Lolita,Hachmin,Lolita.Hachmin@yopmail.com,Lolita.Hachmin@gmail.com,doctor
957,Esmeralda,Ochs,Esmeralda.Ochs@yopmail.com,Esmeralda.Ochs@gmail.com,firefighter
958,Lucy,Georgy,Lucy.Georgy@yopmail.com,Lucy.Georgy@gmail.com,worker
959,Barbara,Ivens,Barbara.Ivens@yopmail.com,Barbara.Ivens@gmail.com,police officer
960,Deirdre,Gibbeon,Deirdre.Gibbeon@yopmail.com,Deirdre.Gibbeon@gmail.com,police officer
961,Leanna,Reidar,Leanna.Reidar@yopmail.com,Leanna.Reidar@gmail.com,developer
962,Vanessa,Gualtiero,Vanessa.Gualtiero@yopmail.com,Vanessa.Gualtiero@gmail.com,police officer
963,Fredericka,Saree,Fredericka.Saree@yopmail.com,Fredericka.Saree@gmail.com,worker
964,Ellette,Loring,Ellette.Loring@yopmail.com,Ellette.Loring@gmail.com,firefighter
965,Averyl,Taam,Averyl.Taam@yopmail.com,Averyl.Taam@gmail.com,doctor
966,Aeriela,Thilda,Aeriela.Thilda@yopmail.com,Aeriela.Thilda@gmail.com,firefighter
967,Bernardine,Christal,Bernardine.Christal@yopmail.com,Bernardine.Christal@gmail.com,police officer
968,Mildrid,Cutlerr,Mildrid.Cutlerr@yopmail.com,Mildrid.Cutlerr@gmail.com,firefighter
969,Margarette,Mike,Margarette.Mike@yopmail.com,Margarette.Mike@gmail.com,doctor
970,Marnia,Karylin,Marnia.Karylin@yopmail.com,Marnia.Karylin@gmail.com,police officer
971,Kalina,Aida,Kalina.Aida@yopmail.com,Kalina.Aida@gmail.com,developer
972,Genovera,Grimbly,Genovera.Grimbly@yopmail.com,Genovera.Grimbly@gmail.com,firefighter
973,Justinn,Timon,Justinn.Timon@yopmail.com,Justinn.Timon@gmail.com,worker
974,Fernande,Norvol,Fernande.Norvol@yopmail.com,Fernande.Norvol@gmail.com,doctor
975,Margarette,Garbe,Margarette.Garbe@yopmail.com,Margarette.Garbe@gmail.com,worker
976,Jenilee,Haymes,Jenilee.Haymes@yopmail.com,Jenilee.Haymes@gmail.com,worker
977,Adriana,Darrell,Adriana.Darrell@yopmail.com,Adriana.Darrell@gmail.com,police officer
978,Marleah,Ethban,Marleah.Ethban@yopmail.com,Marleah.Ethban@gmail.com,worker
979,Mary,Laurianne,Mary.Laurianne@yopmail.com,Mary.Laurianne@gmail.com,developer
980,Tabbatha,Torray,Tabbatha.Torray@yopmail.com,Tabbatha.Torray@gmail.com,police officer
981,Andree,Alisia,Andree.Alisia@yopmail.com,Andree.Alisia@gmail.com,firefighter
982,Kathi,Uird,Kathi.Uird@yopmail.com,Kathi.Uird@gmail.com,firefighter
983,Rivalee,Prober,Rivalee.Prober@yopmail.com,Rivalee.Prober@gmail.com,worker
984,Alameda,Terencio,Alameda.Terencio@yopmail.com,Alameda.Terencio@gmail.com,firefighter
985,Hope,Ledah,Hope.Ledah@yopmail.com,Hope.Ledah@gmail.com,developer
986,Zondra,Waldron,Zondra.Waldron@yopmail.com,Zondra.Waldron@gmail.com,worker
987,Heida,Frodi,Heida.Frodi@yopmail.com,Heida.Frodi@gmail.com,police officer
988,Gerrie,Torray,Gerrie.Torray@yopmail.com,Gerrie.Torray@gmail.com,developer
989,Tami,Izaak,Tami.Izaak@yopmail.com,Tami.Izaak@gmail.com,developer
990,Nadine,Laurianne,Nadine.Laurianne@yopmail.com,Nadine.Laurianne@gmail.com,doctor
991,Priscilla,Merat,Priscilla.Merat@yopmail.com,Priscilla.Merat@gmail.com,doctor
992,Norine,Waite,Norine.Waite@yopmail.com,Norine.Waite@gmail.com,worker
993,Moyna,Helve,Moyna.Helve@yopmail.com,Moyna.Helve@gmail.com,doctor
994,Minda,Carbo,Minda.Carbo@yopmail.com,Minda.Carbo@gmail.com,police officer
995,Renae,Himelman,Renae.Himelman@yopmail.com,Renae.Himelman@gmail.com,developer
996,Veda,Agle,Veda.Agle@yopmail.com,Veda.Agle@gmail.com,worker
997,Peri,Sheedy,Peri.Sheedy@yopmail.com,Peri.Sheedy@gmail.com,police officer
998,Marline,Norrie,Marline.Norrie@yopmail.com,Marline.Norrie@gmail.com,firefighter
999,Anallese,Nea,Anallese.Nea@yopmail.com,Anallese.Nea@gmail.com,worker
1000,Flo,Sacken,Flo.Sacken@yopmail.com,Flo.Sacken@gmail.com,developer
1001,Teddie,Oriana,Teddie.Oriana@yopmail.com,Teddie.Oriana@gmail.com,firefighter
1002,Mary,Lowry,Mary.Lowry@yopmail.com,Mary.Lowry@gmail.com,doctor
1003,Ebonee,Bergman,Ebonee.Bergman@yopmail.com,Ebonee.Bergman@gmail.com,worker
1004,Jaime,Orpah,Jaime.Orpah@yopmail.com,Jaime.Orpah@gmail.com,worker
1005,Arlena,Jotham,Arlena.Jotham@yopmail.com,Arlena.Jotham@gmail.com,developer
1006,Ekaterina,Neils,Ekaterina.Neils@yopmail.com,Ekaterina.Neils@gmail.com,police officer
1007,Cristabel,O'Carroll,Cristabel.O'Carroll@yopmail.com,Cristabel.O'Carroll@gmail.com,worker
1008,Jaclyn,Hanshaw,Jaclyn.Hanshaw@yopmail.com,Jaclyn.Hanshaw@gmail.com,police officer
1009,Marnia,Othilia,Marnia.Othilia@yopmail.com,Marnia.Othilia@gmail.com,doctor
1010,Giustina,Cosenza,Giustina.Cosenza@yopmail.com,Giustina.Cosenza@gmail.com,developer
1011,Mureil,Marcellus,Mureil.Marcellus@yopmail.com,Mureil.Marcellus@gmail.com,firefighter
1012,Karlee,Lorain,Karlee.Lorain@yopmail.com,Karlee.Lorain@gmail.com,firefighter
1013,Bernie,Abernon,Bernie.Abernon@yopmail.com,Bernie.Abernon@gmail.com,police officer
1014,Ketti,Ogren,Ketti.Ogren@yopmail.com,Ketti.Ogren@gmail.com,developer
1015,Carmencita,Jacinda,Carmencita.Jacinda@yopmail.com,Carmencita.Jacinda@gmail.com,worker
1016,Margalo,Lay,Margalo.Lay@yopmail.com,Margalo.Lay@gmail.com,worker
1017,Doro,Codding,Doro.Codding@yopmail.com,Doro.Codding@gmail.com,doctor
1018,Gisela,Atcliffe,Gisela.Atcliffe@yopmail.com,Gisela.Atcliffe@gmail.com,firefighter
1019,Elise,Koehler,Elise.Koehler@yopmail.com,Elise.Koehler@gmail.com,worker
1020,Vita,Wildermuth,Vita.Wildermuth@yopmail.com,Vita.Wildermuth@gmail.com,police officer
1021,Merrie,Hollingsworth,Merrie.Hollingsworth@yopmail.com,Merrie.Hollingsworth@gmail.com,firefighter
1022,Gertrud,Wenoa,Gertrud.Wenoa@yopmail.com,Gertrud.Wenoa@gmail.com,doctor
1023,Susan,Bendick,Susan.Bendick@yopmail.com,Susan.Bendick@gmail.com,developer
1024,Ivett,Kristi,Ivett.Kristi@yopmail.com,Ivett.Kristi@gmail.com,firefighter
1025,Tomasina,Weitman,Tomasina.Weitman@yopmail.com,Tomasina.Weitman@gmail.com,developer
1026,Margarette,Lowry,Margarette.Lowry@yopmail.com,Margarette.Lowry@gmail.com,police officer
1027,Libbie,Hathaway,Libbie.Hathaway@yopmail.com,Libbie.Hathaway@gmail.com,police officer
1028,Jaclyn,Buffum,Jaclyn.Buffum@yopmail.com,Jaclyn.Buffum@gmail.com,worker
1029,Carolina,Bennie,Carolina.Bennie@yopmail.com,Carolina.Bennie@gmail.com,police officer
1030,Nariko,McNully,Nariko.McNully@yopmail.com,Nariko.McNully@gmail.com,police officer
1031,Jsandye,Eben,Jsandye.Eben@yopmail.com,Jsandye.Eben@gmail.com,firefighter
1032,Lorie,Maiah,Lorie.Maiah@yopmail.com,Lorie.Maiah@gmail.com,doctor
1033,Roberta,Kelula,Roberta.Kelula@yopmail.com,Roberta.Kelula@gmail.com,developer
1034,Annabela,Kathie,Annabela.Kathie@yopmail.com,Annabela.Kathie@gmail.com,police officer
1035,Rani,Zola,Rani.Zola@yopmail.com,Rani.Zola@gmail.com,worker
1036,Gusty,Ellerey,Gusty.Ellerey@yopmail.com,Gusty.Ellerey@gmail.com,worker
1037,Evita,Creamer,Evita.Creamer@yopmail.com,Evita.Creamer@gmail.com,developer
1038,Codie,Old,Codie.Old@yopmail.com,Codie.Old@gmail.com,police officer
1039,Gisela,Macey,Gisela.Macey@yopmail.com,Gisela.Macey@gmail.com,developer
1040,Tilly,Flita,Tilly.Flita@yopmail.com,Tilly.Flita@gmail.com,police officer
1041,Marylou,Gert,Marylou.Gert@yopmail.com,Marylou.Gert@gmail.com,police officer
1042,Brietta,Durante,Brietta.Durante@yopmail.com,Brietta.Durante@gmail.com,developer
1043,Dari,Maurine,Dari.Maurine@yopmail.com,Dari.Maurine@gmail.com,firefighter
1044,Ann-Marie,Lynn,Ann-Marie.Lynn@yopmail.com,Ann-Marie.Lynn@gmail.com,developer
1045,Gavrielle,Gladstone,Gavrielle.Gladstone@yopmail.com,Gavrielle.Gladstone@gmail.com,worker
1046,Olivette,Haerr,Olivette.Haerr@yopmail.com,Olivette.Haerr@gmail.com,worker
1047,Gilligan,Luhe,Gilligan.Luhe@yopmail.com,Gilligan.Luhe@gmail.com,doctor
1048,Max,Santoro,Max.Santoro@yopmail.com,Max.Santoro@gmail.com,worker
1049,Alameda,Cutlerr,Alameda.Cutlerr@yopmail.com,Alameda.Cutlerr@gmail.com,police officer
1050,Violet,Lorain,Violet.Lorain@yopmail.com,Violet.Lorain@gmail.com,developer
1051,Rubie,Bebe,Rubie.Bebe@yopmail.com,Rubie.Bebe@gmail.com,worker
1052,Nanete,Glovsky,Nanete.Glovsky@yopmail.com,Nanete.Glovsky@gmail.com,doctor
1053,Meg,Merat,Meg.Merat@yopmail.com,Meg.Merat@gmail.com,firefighter
1054,Pearline,Presber,Pearline.Presber@yopmail.com,Pearline.Presber@gmail.com,police officer
1055,Winifred,Lutero,Winifred.Lutero@yopmail.com,Winifred.Lutero@gmail.com,police officer
1056,Aaren,Howlyn,Aaren.Howlyn@yopmail.com,Aaren.Howlyn@gmail.com,doctor
1057,Madalyn,Selway,Madalyn.Selway@yopmail.com,Madalyn.Selway@gmail.com,police officer
1058,Aaren,Barrus,Aaren.Barrus@yopmail.com,Aaren.Barrus@gmail.com,developer
1059,Frank,Oneida,Frank.Oneida@yopmail.com,Frank.Oneida@gmail.com,developer
1060,Rhoda,Raychel,Rhoda.Raychel@yopmail.com,Rhoda.Raychel@gmail.com,developer
1061,Jean,Vale,Jean.Vale@yopmail.com,Jean.Vale@gmail.com,firefighter
1062,Roberta,Koehler,Roberta.Koehler@yopmail.com,Roberta.Koehler@gmail.com,worker
1063,Albertina,Strephon,Albertina.Strephon@yopmail.com,Albertina.Strephon@gmail.com,worker
1064,Audrie,Jillane,Audrie.Jillane@yopmail.com,Audrie.Jillane@gmail.com,police officer
1065,Netty,Hoban,Netty.Hoban@yopmail.com,Netty.Hoban@gmail.com,police officer
1066,Eugine,Radu,Eugine.Radu@yopmail.com,Eugine.Radu@gmail.com,firefighter
1067,Queenie,Nikaniki,Queenie.Nikaniki@yopmail.com,Queenie.Nikaniki@gmail.com,worker
1068,Margette,Kalinda,Margette.Kalinda@yopmail.com,Margette.Kalinda@gmail.com,doctor
1069,Bobbi,Moina,Bobbi.Moina@yopmail.com,Bobbi.Moina@gmail.com,doctor
1070,Fernande,Oscar,Fernande.Oscar@yopmail.com,Fernande.Oscar@gmail.com,worker
1071,Siana,Herrera,Siana.Herrera@yopmail.com,Siana.Herrera@gmail.com,worker
1072,Joleen,Bibi,Joleen.Bibi@yopmail.com,Joleen.Bibi@gmail.com,firefighter
1073,Shell,Love,Shell.Love@yopmail.com,Shell.Love@gmail.com,firefighter
1074,Dale,Magnolia,Dale.Magnolia@yopmail.com,Dale.Magnolia@gmail.com,police officer
1075,Eolanda,Mott,Eolanda.Mott@yopmail.com,Eolanda.Mott@gmail.com,police officer
1076,Ofilia,Anestassia,Ofilia.Anestassia@yopmail.com,Ofilia.Anestassia@gmail.com,worker
1077,Lily,Rheingold,Lily.Rheingold@yopmail.com,Lily.Rheingold@gmail.com,doctor
1078,Joleen,Schalles,Joleen.Schalles@yopmail.com,Joleen.Schalles@gmail.com,police officer
1079,Ninnetta,Fosque,Ninnetta.Fosque@yopmail.com,Ninnetta.Fosque@gmail.com,developer
1080,Mariele,Sherfield,Mariele.Sherfield@yopmail.com,Mariele.Sherfield@gmail.com,doctor
1081,Evaleen,Leary,Evaleen.Leary@yopmail.com,Evaleen.Leary@gmail.com,developer
1082,Caritta,Adore,Caritta.Adore@yopmail.com,Caritta.Adore@gmail.com,police officer
1083,Maye,Bethany,Maye.Bethany@yopmail.com,Maye.Bethany@gmail.com,police officer
1084,Jobi,Bari,Jobi.Bari@yopmail.com,Jobi.Bari@gmail.com,doctor
1085,Althea,Stoller,Althea.Stoller@yopmail.com,Althea.Stoller@gmail.com,worker
1086,Jenda,Craggie,Jenda.Craggie@yopmail.com,Jenda.Craggie@gmail.com,doctor
1087,Courtnay,Maroney,Courtnay.Maroney@yopmail.com,Courtnay.Maroney@gmail.com,developer
1088,Cordi,Sprage,Cordi.Sprage@yopmail.com,Cordi.Sprage@gmail.com,doctor
1089,Berta,Anestassia,Berta.Anestassia@yopmail.com,Berta.Anestassia@gmail.com,firefighter
1090,Cristabel,Abbot,Cristabel.Abbot@yopmail.com,Cristabel.Abbot@gmail.com,developer
1091,Charmaine,Konyn,Charmaine.Konyn@yopmail.com,Charmaine.Konyn@gmail.com,firefighter
1092,Gui,Bultman,Gui.Bultman@yopmail.com,Gui.Bultman@gmail.com,worker
1093,Nollie,Denis,Nollie.Denis@yopmail.com,Nollie.Denis@gmail.com,firefighter
1094,Catrina,Fry,Catrina.Fry@yopmail.com,Catrina.Fry@gmail.com,police officer
1095,Trudie,Velick,Trudie.Velick@yopmail.com,Trudie.Velick@gmail.com,police officer
1096,Zia,Yorick,Zia.Yorick@yopmail.com,Zia.Yorick@gmail.com,worker
1097,Alameda,Ranjiv,Alameda.Ranjiv@yopmail.com,Alameda.Ranjiv@gmail.com,police officer
1098,Valeda,Alrich,Valeda.Alrich@yopmail.com,Valeda.Alrich@gmail.com,doctor
1099,Dagmar,Berriman,Dagmar.Berriman@yopmail.com,Dagmar.Berriman@gmail.com,developer